{
	"credit": "Made with Blockbench",
	"textures": {
		"0": "block/anvil",
		"1": "block/cauldron_inner",
		"2": "block/iron_block",
		"3": "block/glass",
		"6": "block/gray_concrete",
		"7": "block/light_gray_wool",
		"8": "block/quartz_block_top",
		"9": "block/smooth_stone",
		"10": "block/sea_lantern",
		"particle": "block/light_gray_wool"
	},
	"elements": [
		{
			"name": "Cube",
			"from": [-5.07051, 9.94784, 7.1],
			"to": [-3.60747, 16.67744, 15.3],
			"rotation": {"angle": 0, "axis": "y", "origin": [8.20053, 4.9712, -3.9]},
			"faces": {
				"north": {"uv": [16, 0, 0, 16], "texture": "#3"},
				"east": {"uv": [16, 0, 0, 16], "texture": "#3"},
				"south": {"uv": [16, 0, 0, 16], "texture": "#3"},
				"west": {"uv": [16, 0, 0, 16], "texture": "#3"},
				"up": {"uv": [0, 16, 16, 0], "texture": "#3"},
				"down": {"uv": [0, 16, 16, 0], "texture": "#3"}
			}
		},
		{
			"name": "Cube",
			"from": [19.60747, 9.94784, 7.1],
			"to": [21.07051, 16.67744, 15.3],
			"rotation": {"angle": 0, "axis": "y", "origin": [7.79947, 4.9712, -3.9]},
			"faces": {
				"north": {"uv": [16, 0, 0, 16], "texture": "#3"},
				"east": {"uv": [16, 0, 0, 16], "texture": "#3"},
				"south": {"uv": [16, 0, 0, 16], "texture": "#3"},
				"west": {"uv": [16, 0, 0, 16], "texture": "#3"},
				"up": {"uv": [0, 16, 16, 0], "texture": "#3"},
				"down": {"uv": [0, 16, 16, 0], "texture": "#3"}
			}
		},
		{
			"name": "Cube",
			"from": [-5.07051, 9.94784, -2.1],
			"to": [-3.60747, 16.67744, 6.1],
			"rotation": {"angle": 0, "axis": "y", "origin": [8.20053, 4.9712, -13.1]},
			"faces": {
				"north": {"uv": [16, 0, 0, 16], "texture": "#3"},
				"east": {"uv": [16, 0, 0, 16], "texture": "#3"},
				"south": {"uv": [16, 0, 0, 16], "texture": "#3"},
				"west": {"uv": [16, 0, 0, 16], "texture": "#3"},
				"up": {"uv": [0, 16, 16, 0], "texture": "#3"},
				"down": {"uv": [0, 16, 16, 0], "texture": "#3"}
			}
		},
		{
			"name": "Cube",
			"from": [19.60747, 9.94784, -2.1],
			"to": [21.07051, 16.67744, 6.1],
			"rotation": {"angle": 0, "axis": "y", "origin": [7.79947, 4.9712, -13.1]},
			"faces": {
				"north": {"uv": [16, 0, 0, 16], "texture": "#3"},
				"east": {"uv": [16, 0, 0, 16], "texture": "#3"},
				"south": {"uv": [16, 0, 0, 16], "texture": "#3"},
				"west": {"uv": [16, 0, 0, 16], "texture": "#3"},
				"up": {"uv": [0, 16, 16, 0], "texture": "#3"},
				"down": {"uv": [0, 16, 16, 0], "texture": "#3"}
			}
		},
		{
			"name": "Cube",
			"from": [-5.07051, 9.94784, -11.3],
			"to": [-3.60747, 16.67744, -3.1],
			"rotation": {"angle": 0, "axis": "y", "origin": [8.20053, 4.9712, -22.3]},
			"faces": {
				"north": {"uv": [16, 0, 0, 16], "texture": "#3"},
				"east": {"uv": [16, 0, 0, 16], "texture": "#3"},
				"south": {"uv": [16, 0, 0, 16], "texture": "#3"},
				"west": {"uv": [16, 0, 0, 16], "texture": "#3"},
				"up": {"uv": [0, 16, 16, 0], "texture": "#3"},
				"down": {"uv": [0, 16, 16, 0], "texture": "#3"}
			}
		},
		{
			"name": "Cube",
			"from": [19.60747, 9.94784, -11.3],
			"to": [21.07051, 16.67744, -3.1],
			"rotation": {"angle": 0, "axis": "y", "origin": [7.79947, 4.9712, -22.3]},
			"faces": {
				"north": {"uv": [16, 0, 0, 16], "texture": "#3"},
				"east": {"uv": [16, 0, 0, 16], "texture": "#3"},
				"south": {"uv": [16, 0, 0, 16], "texture": "#3"},
				"west": {"uv": [16, 0, 0, 16], "texture": "#3"},
				"up": {"uv": [0, 16, 16, 0], "texture": "#3"},
				"down": {"uv": [0, 16, 16, 0], "texture": "#3"}
			}
		},
		{
			"name": "Cube",
			"from": [5.24949, 9.94784, 27.1],
			"to": [10.79253, 15.47744, 28],
			"rotation": {"angle": 0, "axis": "y", "origin": [17.56053, 6.1712, 9.1]},
			"faces": {
				"north": {"uv": [16, 0, 0, 16], "texture": "#3"},
				"east": {"uv": [16, 0, 0, 16], "texture": "#3"},
				"south": {"uv": [16, 0, 0, 16], "texture": "#3"},
				"west": {"uv": [16, 0, 0, 16], "texture": "#3"},
				"up": {"uv": [0, 16, 16, 0], "texture": "#3"},
				"down": {"uv": [0, 16, 16, 0], "texture": "#3"}
			}
		},
		{
			"name": "Cube",
			"from": [-5.30812, 9.94784, 17.45357],
			"to": [-4.22812, 15.47744, 22.07277],
			"rotation": {"angle": 0, "axis": "y", "origin": [-4.98146, 12.45558, 19.42778]},
			"faces": {
				"north": {"uv": [16, 0, 0, 16], "texture": "#3"},
				"east": {"uv": [16, 0, 0, 16], "texture": "#3"},
				"south": {"uv": [16, 0, 0, 16], "texture": "#3"},
				"west": {"uv": [16, 0, 0, 16], "texture": "#3"},
				"up": {"uv": [16, 0, 0, 16], "rotation": 270, "texture": "#3"},
				"down": {"uv": [16, 0, 0, 16], "rotation": 90, "texture": "#3"}
			}
		},
		{
			"name": "Cube",
			"from": [20.22812, 9.94784, 17.45357],
			"to": [21.30812, 15.47744, 22.07277],
			"rotation": {"angle": 0, "axis": "y", "origin": [20.98146, 12.45558, 19.42778]},
			"faces": {
				"north": {"uv": [16, 0, 0, 16], "texture": "#3"},
				"east": {"uv": [16, 0, 0, 16], "texture": "#3"},
				"south": {"uv": [16, 0, 0, 16], "texture": "#3"},
				"west": {"uv": [16, 0, 0, 16], "texture": "#3"},
				"up": {"uv": [16, 0, 0, 16], "rotation": 270, "texture": "#3"},
				"down": {"uv": [16, 0, 0, 16], "rotation": 90, "texture": "#3"}
			}
		},
		{
			"name": "Cube",
			"from": [19.60747, 17.13344, -12],
			"to": [21.04747, 19.05344, 15.5],
			"rotation": {"angle": 0, "axis": "y", "origin": [9.23947, 23.4512, -3.2]},
			"faces": {
				"north": {"uv": [16, 0, 0, 16], "texture": "#2", "tintindex": 0},
				"east": {"uv": [16, 0, 0, 16], "texture": "#2", "tintindex": 0},
				"south": {"uv": [16, 0, 0, 16], "texture": "#2", "tintindex": 0},
				"west": {"uv": [16, 0, 0, 16], "texture": "#8"},
				"up": {"uv": [0, 16, 16, 0], "texture": "#2", "tintindex": 0},
				"down": {"uv": [0, 16, 16, 0], "texture": "#2", "tintindex": 0}
			}
		},
		{
			"name": "Cube",
			"from": [-5.04747, 17.13344, -12],
			"to": [-3.60747, 19.05344, 15.5],
			"rotation": {"angle": 0, "axis": "y", "origin": [6.76053, 23.4512, -3.2]},
			"faces": {
				"north": {"uv": [0, 0, 16, 16], "texture": "#2", "tintindex": 0},
				"east": {"uv": [0, 0, 16, 16], "texture": "#8"},
				"south": {"uv": [0, 0, 16, 16], "texture": "#2", "tintindex": 0},
				"west": {"uv": [0, 0, 16, 16], "texture": "#2", "tintindex": 0},
				"up": {"uv": [16, 16, 0, 0], "texture": "#2", "tintindex": 0},
				"down": {"uv": [16, 16, 0, 0], "texture": "#2", "tintindex": 0}
			}
		},
		{
			"name": "Cube",
			"from": [19.72747, 4.53344, -12],
			"to": [21.04747, 9.23344, 15.5],
			"rotation": {"angle": 0, "axis": "y", "origin": [9.23947, 5.4512, -1.7]},
			"faces": {
				"north": {"uv": [16, 0, 0, 16], "texture": "#2", "tintindex": 0},
				"east": {"uv": [16, 0, 0, 16], "texture": "#2", "tintindex": 0},
				"south": {"uv": [16, 0, 0, 16], "texture": "#2", "tintindex": 0},
				"west": {"uv": [16, 0, 0, 16], "texture": "#8"},
				"up": {"uv": [0, 16, 16, 0], "texture": "#2", "tintindex": 0},
				"down": {"uv": [0, 16, 16, 0], "texture": "#2", "tintindex": 0}
			}
		},
		{
			"name": "Cube",
			"from": [-5.04747, 4.53344, -12],
			"to": [-3.72747, 9.23344, 15.5],
			"rotation": {"angle": 0, "axis": "y", "origin": [6.76053, 5.4512, -1.7]},
			"faces": {
				"north": {"uv": [0, 0, 16, 16], "texture": "#2", "tintindex": 0},
				"east": {"uv": [0, 0, 16, 16], "texture": "#8"},
				"south": {"uv": [0, 0, 16, 16], "texture": "#2", "tintindex": 0},
				"west": {"uv": [0, 0, 16, 16], "texture": "#2", "tintindex": 0},
				"up": {"uv": [16, 16, 0, 0], "texture": "#2", "tintindex": 0},
				"down": {"uv": [16, 16, 0, 0], "texture": "#2", "tintindex": 0}
			}
		},
		{
			"name": "Cube",
			"from": [19.60747, -3.38656, -12],
			"to": [20.92747, 0.81344, 3.1],
			"rotation": {"angle": 0, "axis": "y", "origin": [9.11947, -3.6688, -1.7]},
			"faces": {
				"north": {"uv": [16, 0, 0, 16], "texture": "#2", "tintindex": 0},
				"east": {"uv": [16, 0, 0, 16], "texture": "#2", "tintindex": 0},
				"south": {"uv": [16, 0, 0, 16], "texture": "#2", "tintindex": 0},
				"west": {"uv": [16, 0, 0, 16], "texture": "#8"},
				"up": {"uv": [0, 16, 16, 0], "texture": "#2", "tintindex": 0},
				"down": {"uv": [0, 16, 16, 0], "texture": "#2", "tintindex": 0}
			}
		},
		{
			"name": "Cube",
			"from": [-4.92747, -3.38656, -12],
			"to": [-3.60747, 0.81344, 3.1],
			"rotation": {"angle": 0, "axis": "y", "origin": [6.88053, -3.6688, -1.7]},
			"faces": {
				"north": {"uv": [0, 0, 16, 16], "texture": "#2", "tintindex": 0},
				"east": {"uv": [0, 0, 16, 16], "texture": "#8"},
				"south": {"uv": [0, 0, 16, 16], "texture": "#2", "tintindex": 0},
				"west": {"uv": [0, 0, 16, 16], "texture": "#2", "tintindex": 0},
				"up": {"uv": [16, 16, 0, 0], "texture": "#2", "tintindex": 0},
				"down": {"uv": [16, 16, 0, 0], "texture": "#2", "tintindex": 0}
			}
		},
		{
			"name": "Cube",
			"from": [19.70747, 1.31344, -0.6],
			"to": [20.82747, 5.51344, 5.5],
			"rotation": {"angle": -45, "axis": "x", "origin": [20.26747, 3.41344, 6.95]},
			"faces": {
				"north": {"uv": [0, 0, 16, 16], "texture": "#2", "tintindex": 0},
				"east": {"uv": [16, 0, 0, 16], "texture": "#2", "tintindex": 0},
				"south": {"uv": [0, 0, 16, 16], "texture": "#2", "tintindex": 0},
				"west": {"uv": [0, 0, 16, 16], "texture": "#8"},
				"up": {"uv": [16, 16, 0, 0], "texture": "#2", "tintindex": 0},
				"down": {"uv": [16, 16, 0, 0], "texture": "#2", "tintindex": 0}
			}
		},
		{
			"name": "Cube",
			"from": [-4.82747, 1.31344, -0.6],
			"to": [-3.70747, 5.51344, 5.5],
			"rotation": {"angle": -45, "axis": "x", "origin": [-4.26747, 3.41344, 6.95]},
			"faces": {
				"north": {"uv": [16, 0, 0, 16], "texture": "#2", "tintindex": 0},
				"east": {"uv": [16, 0, 0, 16], "texture": "#8"},
				"south": {"uv": [16, 0, 0, 16], "texture": "#2", "tintindex": 0},
				"west": {"uv": [0, 0, 16, 16], "texture": "#2", "tintindex": 0},
				"up": {"uv": [0, 16, 16, 0], "texture": "#2", "tintindex": 0},
				"down": {"uv": [0, 16, 16, 0], "texture": "#2", "tintindex": 0}
			}
		},
		{
			"name": "Cube",
			"from": [0.8, 20.61344, 26.5],
			"to": [15.2, 22.17344, 27.5],
			"rotation": {"angle": 0, "axis": "y", "origin": [9.152, 23.9312, 8.3]},
			"faces": {
				"north": {"uv": [16, 0, 0, 16], "texture": "#8"},
				"east": {"uv": [16, 0, 0, 16], "texture": "#8"},
				"south": {"uv": [0, 16, 16, 0], "rotation": 90, "texture": "#2", "tintindex": 0},
				"west": {"uv": [16, 0, 0, 16], "texture": "#8"},
				"up": {"uv": [0, 16, 16, 0], "texture": "#8"},
				"down": {"uv": [0, 16, 16, 0], "texture": "#8"}
			}
		},
		{
			"name": "Cube",
			"from": [-3.736, 18.35344, 26.5],
			"to": [19.736, 20.61344, 27.5],
			"rotation": {"angle": 0, "axis": "y", "origin": [9.368, 21.1712, 8.3]},
			"faces": {
				"north": {"uv": [16, 0, 0, 16], "texture": "#8"},
				"east": {"uv": [16, 0, 0, 16], "texture": "#8"},
				"south": {"uv": [0, 16, 16, 0], "rotation": 90, "texture": "#2", "tintindex": 0},
				"west": {"uv": [16, 0, 0, 16], "texture": "#8"},
				"up": {"uv": [0, 16, 16, 0], "texture": "#8"},
				"down": {"uv": [0, 16, 16, 0], "texture": "#8"}
			}
		},
		{
			"name": "Cube",
			"from": [3.464, 15.45344, 27],
			"to": [12.536, 18.21344, 28],
			"rotation": {"angle": 0, "axis": "y", "origin": [9.368, 18.7712, 8.8]},
			"faces": {
				"north": {"uv": [0, 16, 16, 0], "rotation": 90, "texture": "#9"},
				"east": {"uv": [0, 16, 16, 0], "rotation": 90, "texture": "#9"},
				"south": {"uv": [0, 16, 16, 0], "rotation": 90, "texture": "#9"},
				"west": {"uv": [0, 16, 16, 0], "rotation": 90, "texture": "#9"},
				"up": {"uv": [16, 0, 0, 16], "rotation": 90, "texture": "#9"},
				"down": {"uv": [16, 0, 0, 16], "rotation": 90, "texture": "#9"}
			}
		},
		{
			"name": "Cube",
			"from": [20.10812, 17.15344, 15.96566],
			"to": [21.30812, 18.21344, 23.52566],
			"rotation": {"angle": 0, "axis": "y", "origin": [20.98146, 11.25558, 19.42778]},
			"faces": {
				"north": {"uv": [0, 16, 16, 0], "rotation": 90, "texture": "#9"},
				"east": {"uv": [16, 0, 0, 16], "texture": "#2", "tintindex": 0},
				"south": {"uv": [0, 16, 16, 0], "rotation": 90, "texture": "#9"},
				"west": {"uv": [0, 16, 16, 0], "rotation": 90, "texture": "#9"},
				"up": {"uv": [0, 16, 16, 0], "texture": "#9"},
				"down": {"uv": [0, 16, 16, 0], "rotation": 180, "texture": "#9"}
			}
		},
		{
			"name": "Cube",
			"from": [-5.30812, 17.15344, 15.96566],
			"to": [-4.10812, 18.21344, 23.52566],
			"rotation": {"angle": 0, "axis": "y", "origin": [-4.98146, 11.25558, 19.42778]},
			"faces": {
				"north": {"uv": [0, 0, 16, 16], "rotation": 90, "texture": "#9"},
				"east": {"uv": [0, 0, 16, 16], "rotation": 90, "texture": "#9"},
				"south": {"uv": [0, 0, 16, 16], "rotation": 90, "texture": "#9"},
				"west": {"uv": [0, 0, 16, 16], "texture": "#2", "tintindex": 0},
				"up": {"uv": [16, 16, 0, 0], "texture": "#9"},
				"down": {"uv": [16, 16, 0, 0], "rotation": 180, "texture": "#9"}
			}
		},
		{
			"name": "Cube",
			"from": [10.664, 9.45344, 27],
			"to": [12.536, 15.81344, 28],
			"rotation": {"angle": 0, "axis": "y", "origin": [9.368, 16.3712, 8.8]},
			"faces": {
				"north": {"uv": [0, 16, 16, 0], "rotation": 90, "texture": "#9"},
				"east": {"uv": [0, 16, 16, 0], "rotation": 90, "texture": "#9"},
				"south": {"uv": [0, 16, 16, 0], "rotation": 90, "texture": "#9"},
				"west": {"uv": [0, 16, 16, 0], "rotation": 90, "texture": "#9"},
				"up": {"uv": [16, 0, 0, 16], "rotation": 90, "texture": "#9"},
				"down": {"uv": [16, 0, 0, 16], "rotation": 90, "texture": "#9"}
			}
		},
		{
			"name": "Cube",
			"from": [3.464, 9.45344, 27],
			"to": [5.336, 15.81344, 28],
			"rotation": {"angle": 0, "axis": "y", "origin": [2.168, 16.3712, 8.8]},
			"faces": {
				"north": {"uv": [0, 16, 16, 0], "rotation": 90, "texture": "#9"},
				"east": {"uv": [0, 16, 16, 0], "rotation": 90, "texture": "#9"},
				"south": {"uv": [0, 16, 16, 0], "rotation": 90, "texture": "#9"},
				"west": {"uv": [0, 16, 16, 0], "rotation": 90, "texture": "#9"},
				"up": {"uv": [16, 0, 0, 16], "rotation": 90, "texture": "#9"},
				"down": {"uv": [16, 0, 0, 16], "rotation": 90, "texture": "#9"}
			}
		},
		{
			"name": "Cube",
			"from": [20.10812, 9.15344, 15.96566],
			"to": [21.30812, 17.21344, 17.52566],
			"rotation": {"angle": 0, "axis": "y", "origin": [20.98146, 12.45558, 19.42778]},
			"faces": {
				"north": {"uv": [16, 0, 0, 16], "texture": "#8"},
				"east": {"uv": [0, 0, 16, 16], "texture": "#8"},
				"south": {"uv": [16, 0, 0, 16], "texture": "#8"},
				"west": {"uv": [16, 0, 0, 16], "texture": "#8"},
				"up": {"uv": [16, 0, 0, 16], "texture": "#8"},
				"down": {"uv": [16, 0, 0, 16], "texture": "#8"}
			}
		},
		{
			"name": "Cube",
			"from": [-5.30812, 9.15344, 15.96566],
			"to": [-4.10812, 17.21344, 17.52566],
			"rotation": {"angle": 0, "axis": "y", "origin": [-4.98146, 12.45558, 19.42778]},
			"faces": {
				"north": {"uv": [0, 0, 16, 16], "texture": "#8"},
				"east": {"uv": [0, 0, 16, 16], "texture": "#8"},
				"south": {"uv": [0, 0, 16, 16], "texture": "#8"},
				"west": {"uv": [16, 0, 0, 16], "texture": "#8"},
				"up": {"uv": [0, 0, 16, 16], "texture": "#8"},
				"down": {"uv": [0, 0, 16, 16], "texture": "#8"}
			}
		},
		{
			"name": "Cube",
			"from": [20.10812, 9.15344, 22.06566],
			"to": [21.30812, 17.21344, 23.52566],
			"rotation": {"angle": 0, "axis": "y", "origin": [20.98146, 12.45558, 25.42778]},
			"faces": {
				"north": {"uv": [16, 0, 0, 16], "texture": "#8"},
				"east": {"uv": [0, 0, 16, 16], "texture": "#8"},
				"south": {"uv": [16, 0, 0, 16], "texture": "#8"},
				"west": {"uv": [16, 0, 0, 16], "texture": "#8"},
				"up": {"uv": [16, 0, 0, 16], "texture": "#8"},
				"down": {"uv": [16, 0, 0, 16], "texture": "#8"}
			}
		},
		{
			"name": "Cube",
			"from": [-5.30812, 9.15344, 22.06566],
			"to": [-4.10812, 17.21344, 23.52566],
			"rotation": {"angle": 0, "axis": "y", "origin": [-4.98146, 12.45558, 25.42778]},
			"faces": {
				"north": {"uv": [0, 0, 16, 16], "texture": "#8"},
				"east": {"uv": [0, 0, 16, 16], "texture": "#8"},
				"south": {"uv": [0, 0, 16, 16], "texture": "#8"},
				"west": {"uv": [16, 0, 0, 16], "texture": "#8"},
				"up": {"uv": [0, 0, 16, 16], "texture": "#8"},
				"down": {"uv": [0, 0, 16, 16], "texture": "#8"}
			}
		},
		{
			"name": "Cube",
			"from": [19.60812, 9.15344, 24.26566],
			"to": [21.00812, 17.21344, 27.52566],
			"rotation": {"angle": 0, "axis": "y", "origin": [20.48146, 12.45558, 27.62778]},
			"faces": {
				"north": {"uv": [16, 0, 0, 16], "texture": "#8"},
				"east": {"uv": [0, 0, 16, 16], "texture": "#8"},
				"south": {"uv": [16, 0, 0, 16], "texture": "#8"},
				"west": {"uv": [16, 0, 0, 16], "texture": "#8"},
				"up": {"uv": [16, 0, 0, 16], "texture": "#8"},
				"down": {"uv": [16, 0, 0, 16], "texture": "#8"}
			}
		},
		{
			"name": "Cube",
			"from": [-5.00812, 9.15344, 24.26566],
			"to": [-3.60812, 17.21344, 27.52566],
			"rotation": {"angle": 0, "axis": "y", "origin": [-4.48146, 12.45558, 27.62778]},
			"faces": {
				"north": {"uv": [0, 0, 16, 16], "texture": "#8"},
				"east": {"uv": [0, 0, 16, 16], "texture": "#8"},
				"south": {"uv": [0, 0, 16, 16], "texture": "#8"},
				"west": {"uv": [16, 0, 0, 16], "texture": "#8"},
				"up": {"uv": [0, 0, 16, 16], "texture": "#8"},
				"down": {"uv": [0, 0, 16, 16], "texture": "#8"}
			}
		},
		{
			"name": "Cube",
			"from": [-3.60812, 9.15344, 26],
			"to": [2.39188, 17.21344, 27.5],
			"rotation": {"angle": 0, "axis": "y", "origin": [-3.48146, 12.45558, 27.62778]},
			"faces": {
				"north": {"uv": [0, 0, 16, 16], "texture": "#8"},
				"east": {"uv": [0, 0, 16, 16], "texture": "#8"},
				"south": {"uv": [0, 0, 16, 16], "texture": "#8"},
				"west": {"uv": [16, 0, 0, 16], "texture": "#8"},
				"up": {"uv": [0, 0, 16, 16], "texture": "#8"},
				"down": {"uv": [0, 0, 16, 16], "texture": "#8"}
			}
		},
		{
			"name": "Cube",
			"from": [13.60812, 9.15344, 26],
			"to": [19.60812, 17.21344, 27.5],
			"rotation": {"angle": 0, "axis": "y", "origin": [19.48146, 12.45558, 27.62778]},
			"faces": {
				"north": {"uv": [16, 0, 0, 16], "texture": "#8"},
				"east": {"uv": [0, 0, 16, 16], "texture": "#8"},
				"south": {"uv": [16, 0, 0, 16], "texture": "#8"},
				"west": {"uv": [16, 0, 0, 16], "texture": "#8"},
				"up": {"uv": [16, 0, 0, 16], "texture": "#8"},
				"down": {"uv": [16, 0, 0, 16], "texture": "#8"}
			}
		},
		{
			"name": "Cube",
			"from": [19.60812, 16.65344, -12.03434],
			"to": [21.00812, 17.21344, 15.12566],
			"rotation": {"angle": 0, "axis": "y", "origin": [20.48146, 12.45558, 15.12778]},
			"faces": {
				"north": {"uv": [16, 0, 0, 16], "texture": "#8"},
				"east": {"uv": [0, 0, 16, 16], "texture": "#8"},
				"south": {"uv": [16, 0, 0, 16], "texture": "#8"},
				"west": {"uv": [16, 0, 0, 16], "texture": "#8"},
				"up": {"uv": [16, 0, 0, 16], "texture": "#8"},
				"down": {"uv": [16, 0, 0, 16], "texture": "#8"}
			}
		},
		{
			"name": "Cube",
			"from": [-5.00812, 16.65344, -12.03434],
			"to": [-3.60812, 17.21344, 15.12566],
			"rotation": {"angle": 0, "axis": "y", "origin": [-4.48146, 12.45558, 15.12778]},
			"faces": {
				"north": {"uv": [0, 0, 16, 16], "texture": "#8"},
				"east": {"uv": [0, 0, 16, 16], "texture": "#8"},
				"south": {"uv": [0, 0, 16, 16], "texture": "#8"},
				"west": {"uv": [16, 0, 0, 16], "texture": "#8"},
				"up": {"uv": [0, 0, 16, 16], "texture": "#8"},
				"down": {"uv": [0, 0, 16, 16], "texture": "#8"}
			}
		},
		{
			"name": "Cube",
			"from": [19.60812, 9.25344, -12.03434],
			"to": [21.00812, 9.91344, 15.12566],
			"rotation": {"angle": 0, "axis": "y", "origin": [20.48146, 5.15558, 15.12778]},
			"faces": {
				"north": {"uv": [16, 0, 0, 16], "texture": "#8"},
				"east": {"uv": [0, 0, 16, 16], "texture": "#8"},
				"south": {"uv": [16, 0, 0, 16], "texture": "#8"},
				"west": {"uv": [16, 0, 0, 16], "texture": "#8"},
				"up": {"uv": [16, 0, 0, 16], "texture": "#8"},
				"down": {"uv": [16, 0, 0, 16], "texture": "#8"}
			}
		},
		{
			"name": "Cube",
			"from": [-5.00812, 9.25344, -12.03434],
			"to": [-3.60812, 9.91344, 15.12566],
			"rotation": {"angle": 0, "axis": "y", "origin": [-4.48146, 5.15558, 15.12778]},
			"faces": {
				"north": {"uv": [0, 0, 16, 16], "texture": "#8"},
				"east": {"uv": [0, 0, 16, 16], "texture": "#8"},
				"south": {"uv": [0, 0, 16, 16], "texture": "#8"},
				"west": {"uv": [16, 0, 0, 16], "texture": "#8"},
				"up": {"uv": [0, 0, 16, 16], "texture": "#8"},
				"down": {"uv": [0, 0, 16, 16], "texture": "#8"}
			}
		},
		{
			"name": "Cube",
			"from": [20.10812, 15.45344, 17.46566],
			"to": [21.30812, 17.21344, 22.12566],
			"rotation": {"angle": 0, "axis": "y", "origin": [20.98146, 12.45558, 23.82778]},
			"faces": {
				"north": {"uv": [16, 0, 0, 16], "texture": "#8"},
				"east": {"uv": [0, 0, 16, 16], "texture": "#8"},
				"south": {"uv": [16, 0, 0, 16], "texture": "#8"},
				"west": {"uv": [16, 0, 0, 16], "texture": "#8"},
				"up": {"uv": [16, 0, 0, 16], "texture": "#8"},
				"down": {"uv": [16, 0, 0, 16], "texture": "#8"}
			}
		},
		{
			"name": "Cube",
			"from": [-5.30812, 15.45344, 17.46566],
			"to": [-4.10812, 17.21344, 22.12566],
			"rotation": {"angle": 0, "axis": "y", "origin": [-4.98146, 12.45558, 23.82778]},
			"faces": {
				"north": {"uv": [0, 0, 16, 16], "texture": "#8"},
				"east": {"uv": [0, 0, 16, 16], "texture": "#8"},
				"south": {"uv": [0, 0, 16, 16], "texture": "#8"},
				"west": {"uv": [16, 0, 0, 16], "texture": "#8"},
				"up": {"uv": [0, 0, 16, 16], "texture": "#8"},
				"down": {"uv": [0, 0, 16, 16], "texture": "#8"}
			}
		},
		{
			"name": "Cube",
			"from": [20.10812, 9.15344, 17.46566],
			"to": [21.30812, 10.01344, 22.12566],
			"rotation": {"angle": 0, "axis": "y", "origin": [20.98146, 5.25558, 23.82778]},
			"faces": {
				"north": {"uv": [16, 0, 0, 16], "texture": "#8"},
				"east": {"uv": [0, 0, 16, 16], "texture": "#8"},
				"south": {"uv": [16, 0, 0, 16], "texture": "#8"},
				"west": {"uv": [16, 0, 0, 16], "texture": "#8"},
				"up": {"uv": [16, 0, 0, 16], "texture": "#8"},
				"down": {"uv": [16, 0, 0, 16], "texture": "#8"}
			}
		},
		{
			"name": "Cube",
			"from": [-5.30812, 9.15344, 17.46566],
			"to": [-4.10812, 10.01344, 22.12566],
			"rotation": {"angle": 0, "axis": "y", "origin": [-4.98146, 5.25558, 23.82778]},
			"faces": {
				"north": {"uv": [0, 0, 16, 16], "texture": "#8"},
				"east": {"uv": [0, 0, 16, 16], "texture": "#8"},
				"south": {"uv": [0, 0, 16, 16], "texture": "#8"},
				"west": {"uv": [16, 0, 0, 16], "texture": "#8"},
				"up": {"uv": [0, 0, 16, 16], "texture": "#8"},
				"down": {"uv": [0, 0, 16, 16], "texture": "#8"}
			}
		},
		{
			"name": "Cube",
			"from": [3.464, 2.13344, 27],
			"to": [12.536, 9.93344, 28],
			"rotation": {"angle": 0, "axis": "y", "origin": [9.368, 10.3712, 8.8]},
			"faces": {
				"north": {"uv": [0, 16, 16, 0], "rotation": 90, "texture": "#9"},
				"east": {"uv": [0, 16, 16, 0], "rotation": 90, "texture": "#9"},
				"south": {"uv": [0, 16, 16, 0], "rotation": 90, "texture": "#9"},
				"west": {"uv": [0, 16, 16, 0], "rotation": 90, "texture": "#9"},
				"up": {"uv": [16, 0, 0, 16], "rotation": 90, "texture": "#9"},
				"down": {"uv": [16, 0, 0, 16], "rotation": 90, "texture": "#9"}
			}
		},
		{
			"name": "Cube",
			"from": [-5.30812, 2.13344, 15.96566],
			"to": [-4.10812, 9.13344, 23.52566],
			"rotation": {"angle": 0, "axis": "y", "origin": [-4.98146, 13.65558, 19.42778]},
			"faces": {
				"north": {"uv": [0, 0, 16, 16], "rotation": 90, "texture": "#8"},
				"east": {"uv": [0, 0, 16, 16], "rotation": 90, "texture": "#8"},
				"south": {"uv": [0, 0, 16, 16], "rotation": 90, "texture": "#8"},
				"west": {"uv": [0, 0, 16, 16], "texture": "#2", "tintindex": 0},
				"up": {"uv": [0, 0, 16, 16], "rotation": 90, "texture": "#8"},
				"down": {"uv": [0, 0, 16, 16], "rotation": 90, "texture": "#8"}
			}
		},
		{
			"name": "Cube",
			"from": [20.10812, 2.13344, 15.96566],
			"to": [21.30812, 9.13344, 23.52566],
			"rotation": {"angle": 0, "axis": "y", "origin": [20.98146, 13.65558, 19.42778]},
			"faces": {
				"north": {"uv": [0, 16, 16, 0], "rotation": 90, "texture": "#8"},
				"east": {"uv": [0, 16, 16, 0], "texture": "#2", "tintindex": 0},
				"south": {"uv": [0, 16, 16, 0], "rotation": 90, "texture": "#8"},
				"west": {"uv": [0, 16, 16, 0], "rotation": 90, "texture": "#8"},
				"up": {"uv": [0, 16, 16, 0], "rotation": 90, "texture": "#8"},
				"down": {"uv": [0, 16, 16, 0], "rotation": 90, "texture": "#8"}
			}
		},
		{
			"name": "Cube",
			"from": [19.57653, 17.13344, 24],
			"to": [21.01653, 18.75344, 27.5],
			"rotation": {"angle": 0, "axis": "y", "origin": [12.52053, 14.4512, 8.3]},
			"faces": {
				"north": {"uv": [16, 0, 0, 16], "texture": "#8"},
				"east": {"uv": [16, 0, 0, 16], "texture": "#2", "tintindex": 0},
				"south": {"uv": [16, 0, 0, 16], "texture": "#2", "tintindex": 0},
				"west": {"uv": [16, 0, 0, 16], "texture": "#8"},
				"up": {"uv": [0, 16, 16, 0], "texture": "#8"},
				"down": {"uv": [0, 16, 16, 0], "texture": "#8"}
			}
		},
		{
			"name": "Cube",
			"from": [-5.01653, 17.13344, 24],
			"to": [-3.57653, 18.75344, 27.5],
			"rotation": {"angle": 0, "axis": "y", "origin": [3.47947, 14.4512, 8.3]},
			"faces": {
				"north": {"uv": [0, 0, 16, 16], "texture": "#8"},
				"east": {"uv": [0, 0, 16, 16], "texture": "#8"},
				"south": {"uv": [0, 0, 16, 16], "texture": "#2", "tintindex": 0},
				"west": {"uv": [0, 0, 16, 16], "texture": "#2", "tintindex": 0},
				"up": {"uv": [16, 16, 0, 0], "texture": "#8"},
				"down": {"uv": [16, 16, 0, 0], "texture": "#8"}
			}
		},
		{
			"name": "Cube",
			"from": [19.57653, 4.53344, 24],
			"to": [21.01653, 9.15344, 27.5],
			"rotation": {"angle": 0, "axis": "y", "origin": [12.52053, 10.0512, 8.3]},
			"faces": {
				"north": {"uv": [16, 0, 0, 16], "texture": "#8"},
				"east": {"uv": [16, 0, 0, 16], "texture": "#2", "tintindex": 0},
				"south": {"uv": [16, 0, 0, 16], "texture": "#2", "tintindex": 0},
				"west": {"uv": [16, 0, 0, 16], "texture": "#8"},
				"up": {"uv": [0, 16, 16, 0], "texture": "#8"},
				"down": {"uv": [0, 16, 16, 0], "texture": "#8"}
			}
		},
		{
			"name": "Cube",
			"from": [-5.01653, 4.53344, 24],
			"to": [-3.57653, 9.15344, 27.5],
			"rotation": {"angle": 0, "axis": "y", "origin": [3.47947, 10.0512, 8.3]},
			"faces": {
				"north": {"uv": [0, 0, 16, 16], "texture": "#8"},
				"east": {"uv": [0, 0, 16, 16], "texture": "#8"},
				"south": {"uv": [0, 0, 16, 16], "texture": "#2", "tintindex": 0},
				"west": {"uv": [0, 0, 16, 16], "texture": "#2", "tintindex": 0},
				"up": {"uv": [16, 16, 0, 0], "texture": "#8"},
				"down": {"uv": [16, 16, 0, 0], "texture": "#8"}
			}
		},
		{
			"name": "Cube",
			"from": [-5.01653, 9.93344, 6.1],
			"to": [-3.57653, 16.65344, 7.1],
			"rotation": {"angle": 0, "axis": "y", "origin": [3.47947, 14.4512, -11.6]},
			"faces": {
				"north": {"uv": [16, 0, 0, 16], "texture": "#8"},
				"east": {"uv": [0, 0, 16, 16], "texture": "#8"},
				"south": {"uv": [16, 0, 0, 16], "texture": "#8"},
				"west": {"uv": [16, 0, 0, 16], "texture": "#8"},
				"up": {"uv": [16, 0, 0, 16], "texture": "#8"},
				"down": {"uv": [16, 0, 0, 16], "texture": "#8"}
			}
		},
		{
			"name": "Cube",
			"from": [19.57653, 9.93344, 6.1],
			"to": [21.01653, 16.65344, 7.1],
			"rotation": {"angle": 0, "axis": "y", "origin": [12.52053, 14.4512, -11.6]},
			"faces": {
				"north": {"uv": [16, 0, 0, 16], "texture": "#8"},
				"east": {"uv": [0, 0, 16, 16], "texture": "#8"},
				"south": {"uv": [16, 0, 0, 16], "texture": "#8"},
				"west": {"uv": [16, 0, 0, 16], "texture": "#8"},
				"up": {"uv": [16, 0, 0, 16], "texture": "#8"},
				"down": {"uv": [16, 0, 0, 16], "texture": "#8"}
			}
		},
		{
			"name": "Cube",
			"from": [-5.01653, 9.93344, -3.1],
			"to": [-3.57653, 16.65344, -2.1],
			"rotation": {"angle": 0, "axis": "y", "origin": [3.47947, 14.4512, -20.8]},
			"faces": {
				"north": {"uv": [16, 0, 0, 16], "texture": "#8"},
				"east": {"uv": [0, 0, 16, 16], "texture": "#8"},
				"south": {"uv": [16, 0, 0, 16], "texture": "#8"},
				"west": {"uv": [16, 0, 0, 16], "texture": "#8"},
				"up": {"uv": [16, 0, 0, 16], "texture": "#8"},
				"down": {"uv": [16, 0, 0, 16], "texture": "#8"}
			}
		},
		{
			"name": "Cube",
			"from": [19.57653, 9.93344, -3.1],
			"to": [21.01653, 16.65344, -2.1],
			"rotation": {"angle": 0, "axis": "y", "origin": [12.52053, 14.4512, -20.8]},
			"faces": {
				"north": {"uv": [16, 0, 0, 16], "texture": "#8"},
				"east": {"uv": [0, 0, 16, 16], "texture": "#8"},
				"south": {"uv": [16, 0, 0, 16], "texture": "#8"},
				"west": {"uv": [16, 0, 0, 16], "texture": "#8"},
				"up": {"uv": [16, 0, 0, 16], "texture": "#8"},
				"down": {"uv": [16, 0, 0, 16], "texture": "#8"}
			}
		},
		{
			"name": "Cube",
			"from": [-5.01653, 9.93344, -12],
			"to": [-3.57653, 16.65344, -11.3],
			"rotation": {"angle": 0, "axis": "y", "origin": [3.47947, 14.4512, -30]},
			"faces": {
				"north": {"uv": [16, 0, 0, 16], "texture": "#8"},
				"east": {"uv": [0, 0, 16, 16], "texture": "#8"},
				"south": {"uv": [16, 0, 0, 16], "texture": "#8"},
				"west": {"uv": [16, 0, 0, 16], "texture": "#8"},
				"up": {"uv": [16, 0, 0, 16], "texture": "#8"},
				"down": {"uv": [16, 0, 0, 16], "texture": "#8"}
			}
		},
		{
			"name": "Cube",
			"from": [19.57653, 9.93344, -12],
			"to": [21.01653, 16.65344, -11.3],
			"rotation": {"angle": 0, "axis": "y", "origin": [12.52053, 14.4512, -30]},
			"faces": {
				"north": {"uv": [16, 0, 0, 16], "texture": "#8"},
				"east": {"uv": [0, 0, 16, 16], "texture": "#8"},
				"south": {"uv": [16, 0, 0, 16], "texture": "#8"},
				"west": {"uv": [16, 0, 0, 16], "texture": "#8"},
				"up": {"uv": [16, 0, 0, 16], "texture": "#8"},
				"down": {"uv": [16, 0, 0, 16], "texture": "#8"}
			}
		},
		{
			"name": "Cube",
			"from": [2.39947, 1.53344, 27.5],
			"to": [3.98347, 19.05344, 28.5],
			"rotation": {"angle": 0, "axis": "y", "origin": [11.03947, 16.8512, 8.3]},
			"faces": {
				"north": {"uv": [16, 0, 0, 16], "texture": "#1"},
				"east": {"uv": [16, 0, 0, 16], "texture": "#1"},
				"south": {"uv": [16, 0, 0, 16], "texture": "#1"},
				"west": {"uv": [16, 0, 0, 16], "texture": "#1"},
				"up": {"uv": [0, 16, 16, 0], "texture": "#1"},
				"down": {"uv": [0, 16, 16, 0], "texture": "#1"}
			}
		},
		{
			"name": "Cube",
			"from": [19.70812, 2.13344, 15.07855],
			"to": [21.90812, 9.15344, 16.39855],
			"rotation": {"angle": 0, "axis": "y", "origin": [20.98146, 13.65558, 19.42778]},
			"faces": {
				"north": {"uv": [0, 0, 16, 16], "texture": "#6"},
				"east": {"uv": [0, 0, 16, 16], "texture": "#6"},
				"south": {"uv": [0, 0, 16, 16], "texture": "#6"},
				"west": {"uv": [0, 0, 16, 16], "texture": "#6"},
				"up": {"uv": [0, 0, 16, 16], "texture": "#6"},
				"down": {"uv": [0, 0, 16, 16], "texture": "#6"}
			}
		},
		{
			"name": "Cube",
			"from": [-5.90812, 2.13344, 15.07855],
			"to": [-3.70812, 9.15344, 16.39855],
			"rotation": {"angle": 0, "axis": "y", "origin": [-4.98146, 13.65558, 19.42778]},
			"faces": {
				"north": {"uv": [0, 0, 16, 16], "texture": "#6", "tintindex": 0},
				"east": {"uv": [0, 0, 16, 16], "texture": "#6", "tintindex": 0},
				"south": {"uv": [0, 0, 16, 16], "texture": "#6", "tintindex": 0},
				"west": {"uv": [0, 0, 16, 16], "texture": "#6", "tintindex": 0},
				"up": {"uv": [0, 0, 16, 16], "texture": "#6", "tintindex": 0},
				"down": {"uv": [0, 0, 16, 16], "texture": "#6", "tintindex": 0}
			}
		},
		{
			"name": "Cube",
			"from": [19.70812, 2.13344, 23.07855],
			"to": [21.90812, 9.15344, 24.39855],
			"rotation": {"angle": 0, "axis": "y", "origin": [20.98146, 13.65558, 27.42778]},
			"faces": {
				"north": {"uv": [0, 0, 16, 16], "texture": "#6"},
				"east": {"uv": [0, 0, 16, 16], "texture": "#6"},
				"south": {"uv": [0, 0, 16, 16], "texture": "#6"},
				"west": {"uv": [0, 0, 16, 16], "texture": "#6"},
				"up": {"uv": [0, 0, 16, 16], "texture": "#6"},
				"down": {"uv": [0, 0, 16, 16], "texture": "#6"}
			}
		},
		{
			"name": "Cube",
			"from": [-5.90812, 2.13344, 23.07855],
			"to": [-3.70812, 9.15344, 24.39855],
			"rotation": {"angle": 0, "axis": "y", "origin": [-4.98146, 13.65558, 27.42778]},
			"faces": {
				"north": {"uv": [0, 0, 16, 16], "texture": "#6", "tintindex": 0},
				"east": {"uv": [0, 0, 16, 16], "texture": "#6", "tintindex": 0},
				"south": {"uv": [0, 0, 16, 16], "texture": "#6", "tintindex": 0},
				"west": {"uv": [0, 0, 16, 16], "texture": "#6", "tintindex": 0},
				"up": {"uv": [0, 0, 16, 16], "texture": "#6", "tintindex": 0},
				"down": {"uv": [0, 0, 16, 16], "texture": "#6", "tintindex": 0}
			}
		},
		{
			"name": "Cube",
			"from": [19.70812, 9.13344, 23.07855],
			"to": [21.90812, 17.25344, 24.39855],
			"rotation": {"angle": 0, "axis": "y", "origin": [20.98146, 21.75558, 27.42778]},
			"faces": {
				"north": {"uv": [0, 0, 16, 16], "texture": "#6", "tintindex": 0},
				"east": {"uv": [0, 0, 16, 16], "texture": "#6", "tintindex": 0},
				"south": {"uv": [0, 0, 16, 16], "texture": "#6", "tintindex": 0},
				"west": {"uv": [0, 0, 16, 16], "texture": "#6", "tintindex": 0},
				"up": {"uv": [0, 0, 16, 16], "texture": "#6", "tintindex": 0},
				"down": {"uv": [0, 0, 16, 16], "texture": "#6", "tintindex": 0}
			}
		},
		{
			"name": "Cube",
			"from": [-5.90812, 9.13344, 23.07855],
			"to": [-3.70812, 17.25344, 24.39855],
			"rotation": {"angle": 0, "axis": "y", "origin": [-4.98146, 21.75558, 27.42778]},
			"faces": {
				"north": {"uv": [0, 0, 16, 16], "texture": "#6", "tintindex": 0},
				"east": {"uv": [0, 0, 16, 16], "texture": "#6", "tintindex": 0},
				"south": {"uv": [0, 0, 16, 16], "texture": "#6", "tintindex": 0},
				"west": {"uv": [0, 0, 16, 16], "texture": "#6", "tintindex": 0},
				"up": {"uv": [0, 0, 16, 16], "texture": "#6", "tintindex": 0},
				"down": {"uv": [0, 0, 16, 16], "texture": "#6", "tintindex": 0}
			}
		},
		{
			"name": "Cube",
			"from": [19.70812, 9.13344, 15.07855],
			"to": [21.90812, 17.25344, 16.39855],
			"rotation": {"angle": 0, "axis": "y", "origin": [20.98146, 21.75558, 19.42778]},
			"faces": {
				"north": {"uv": [0, 0, 16, 16], "texture": "#6", "tintindex": 0},
				"east": {"uv": [0, 0, 16, 16], "texture": "#6", "tintindex": 0},
				"south": {"uv": [0, 0, 16, 16], "texture": "#6", "tintindex": 0},
				"west": {"uv": [0, 0, 16, 16], "texture": "#6", "tintindex": 0},
				"up": {"uv": [0, 0, 16, 16], "texture": "#6", "tintindex": 0},
				"down": {"uv": [0, 0, 16, 16], "texture": "#6", "tintindex": 0}
			}
		},
		{
			"name": "Cube",
			"from": [-5.90812, 9.13344, 15.07855],
			"to": [-3.70812, 17.25344, 16.39855],
			"rotation": {"angle": 0, "axis": "y", "origin": [-4.98146, 21.75558, 19.42778]},
			"faces": {
				"north": {"uv": [0, 0, 16, 16], "texture": "#6", "tintindex": 0},
				"east": {"uv": [0, 0, 16, 16], "texture": "#6", "tintindex": 0},
				"south": {"uv": [0, 0, 16, 16], "texture": "#6", "tintindex": 0},
				"west": {"uv": [0, 0, 16, 16], "texture": "#6", "tintindex": 0},
				"up": {"uv": [0, 0, 16, 16], "texture": "#6", "tintindex": 0},
				"down": {"uv": [0, 0, 16, 16], "texture": "#6", "tintindex": 0}
			}
		},
		{
			"name": "Cube",
			"from": [19.70812, 17.23344, 23.07855],
			"to": [21.90812, 19.05344, 24.39855],
			"rotation": {"angle": 0, "axis": "y", "origin": [20.98146, 23.55558, 27.42778]},
			"faces": {
				"north": {"uv": [0, 0, 16, 16], "texture": "#6"},
				"east": {"uv": [0, 0, 16, 16], "texture": "#6"},
				"south": {"uv": [0, 0, 16, 16], "texture": "#6"},
				"west": {"uv": [0, 0, 16, 16], "texture": "#6"},
				"up": {"uv": [0, 0, 16, 16], "texture": "#6"},
				"down": {"uv": [0, 0, 16, 16], "texture": "#6"}
			}
		},
		{
			"name": "Cube",
			"from": [-5.90812, 17.23344, 23.07855],
			"to": [-3.70812, 19.05344, 24.39855],
			"rotation": {"angle": 0, "axis": "y", "origin": [-4.98146, 23.55558, 27.42778]},
			"faces": {
				"north": {"uv": [0, 0, 16, 16], "texture": "#6", "tintindex": 0},
				"east": {"uv": [0, 0, 16, 16], "texture": "#6", "tintindex": 0},
				"south": {"uv": [0, 0, 16, 16], "texture": "#6", "tintindex": 0},
				"west": {"uv": [0, 0, 16, 16], "texture": "#6", "tintindex": 0},
				"up": {"uv": [0, 0, 16, 16], "texture": "#6", "tintindex": 0},
				"down": {"uv": [0, 0, 16, 16], "texture": "#6", "tintindex": 0}
			}
		},
		{
			"name": "Cube",
			"from": [19.70812, 17.23344, 15.07855],
			"to": [21.90812, 19.05344, 16.39855],
			"rotation": {"angle": 0, "axis": "y", "origin": [20.98146, 23.55558, 19.42778]},
			"faces": {
				"north": {"uv": [0, 0, 16, 16], "texture": "#6"},
				"east": {"uv": [0, 0, 16, 16], "texture": "#6"},
				"south": {"uv": [0, 0, 16, 16], "texture": "#6"},
				"west": {"uv": [0, 0, 16, 16], "texture": "#6"},
				"up": {"uv": [0, 0, 16, 16], "texture": "#6"},
				"down": {"uv": [0, 0, 16, 16], "texture": "#6"}
			}
		},
		{
			"name": "Cube",
			"from": [-5.90812, 17.23344, 15.07855],
			"to": [-3.70812, 19.05344, 16.39855],
			"rotation": {"angle": 0, "axis": "y", "origin": [-4.98146, 23.55558, 19.42778]},
			"faces": {
				"north": {"uv": [0, 0, 16, 16], "texture": "#6", "tintindex": 0},
				"east": {"uv": [0, 0, 16, 16], "texture": "#6", "tintindex": 0},
				"south": {"uv": [0, 0, 16, 16], "texture": "#6", "tintindex": 0},
				"west": {"uv": [0, 0, 16, 16], "texture": "#6", "tintindex": 0},
				"up": {"uv": [0, 0, 16, 16], "texture": "#6", "tintindex": 0},
				"down": {"uv": [0, 0, 16, 16], "texture": "#6", "tintindex": 0}
			}
		},
		{
			"name": "Cube",
			"from": [11.99947, 1.53344, 27.5],
			"to": [13.58347, 19.05344, 28.5],
			"rotation": {"angle": 0, "axis": "y", "origin": [20.63947, 16.8512, 8.3]},
			"faces": {
				"north": {"uv": [16, 0, 0, 16], "texture": "#1"},
				"east": {"uv": [16, 0, 0, 16], "texture": "#1"},
				"south": {"uv": [16, 0, 0, 16], "texture": "#1"},
				"west": {"uv": [16, 0, 0, 16], "texture": "#1"},
				"up": {"uv": [0, 16, 16, 0], "texture": "#1"},
				"down": {"uv": [0, 16, 16, 0], "texture": "#1"}
			}
		},
		{
			"name": "Cube",
			"from": [3.59947, 17.61344, 27.5],
			"to": [12.26347, 19.05344, 28.5],
			"rotation": {"angle": 0, "axis": "y", "origin": [17.03947, 14.4512, 8.3]},
			"faces": {
				"north": {"uv": [16, 0, 0, 16], "texture": "#1"},
				"east": {"uv": [16, 0, 0, 16], "texture": "#1"},
				"south": {"uv": [16, 0, 0, 16], "texture": "#1"},
				"west": {"uv": [16, 0, 0, 16], "texture": "#1"},
				"up": {"uv": [0, 16, 16, 0], "texture": "#1"},
				"down": {"uv": [0, 16, 16, 0], "texture": "#1"}
			}
		},
		{
			"name": "Cube",
			"from": [20.70812, 17.61344, 16.27855],
			"to": [21.90812, 19.05344, 23.19855],
			"rotation": {"angle": 0, "axis": "y", "origin": [20.98146, 11.25558, 19.42778]},
			"faces": {
				"north": {"uv": [0, 0, 16, 16], "texture": "#6"},
				"east": {"uv": [0, 0, 16, 16], "texture": "#6"},
				"south": {"uv": [0, 0, 16, 16], "texture": "#6"},
				"west": {"uv": [0, 0, 16, 16], "texture": "#6"},
				"up": {"uv": [0, 0, 16, 16], "texture": "#6"},
				"down": {"uv": [0, 0, 16, 16], "texture": "#6"}
			}
		},
		{
			"name": "Cube",
			"from": [-5.90812, 17.61344, 16.27855],
			"to": [-4.70812, 19.05344, 23.19855],
			"rotation": {"angle": 0, "axis": "y", "origin": [-4.98146, 11.25558, 19.42778]},
			"faces": {
				"north": {"uv": [0, 0, 16, 16], "texture": "#6", "tintindex": 0},
				"east": {"uv": [0, 0, 16, 16], "texture": "#6", "tintindex": 0},
				"south": {"uv": [0, 0, 16, 16], "texture": "#6", "tintindex": 0},
				"west": {"uv": [0, 0, 16, 16], "texture": "#6", "tintindex": 0},
				"up": {"uv": [0, 0, 16, 16], "texture": "#6", "tintindex": 0},
				"down": {"uv": [0, 0, 16, 16], "texture": "#6", "tintindex": 0}
			}
		},
		{
			"name": "Cube",
			"from": [-5.30812, 17.61344, -12.02145],
			"to": [-4.70812, 19.17344, 14.99855],
			"rotation": {"angle": 0, "axis": "y", "origin": [-4.98146, 11.25558, -8.57222]},
			"faces": {
				"north": {"uv": [16, 0, 0, 16], "texture": "#6", "tintindex": 0},
				"east": {"uv": [16, 0, 0, 16], "texture": "#6", "tintindex": 0},
				"south": {"uv": [16, 0, 0, 16], "texture": "#6", "tintindex": 0},
				"west": {"uv": [16, 0, 0, 16], "texture": "#6", "tintindex": 0},
				"up": {"uv": [0, 16, 16, 0], "texture": "#6", "tintindex": 0},
				"down": {"uv": [0, 16, 16, 0], "texture": "#6", "tintindex": 0}
			}
		},
		{
			"name": "Cube",
			"from": [20.70812, 17.61344, -12.02145],
			"to": [21.30812, 19.17344, 14.99855],
			"rotation": {"angle": 0, "axis": "y", "origin": [20.98146, 11.25558, -8.57222]},
			"faces": {
				"north": {"uv": [16, 0, 0, 16], "texture": "#6", "tintindex": 0},
				"east": {"uv": [16, 0, 0, 16], "texture": "#6", "tintindex": 0},
				"south": {"uv": [16, 0, 0, 16], "texture": "#6", "tintindex": 0},
				"west": {"uv": [16, 0, 0, 16], "texture": "#6", "tintindex": 0},
				"up": {"uv": [0, 16, 16, 0], "texture": "#6", "tintindex": 0},
				"down": {"uv": [0, 16, 16, 0], "texture": "#6", "tintindex": 0}
			}
		},
		{
			"name": "Cube",
			"from": [-5.30812, 17.61344, 24.37855],
			"to": [-4.70812, 19.17344, 27.59855],
			"rotation": {"angle": 0, "axis": "y", "origin": [-4.98146, 11.25558, 4.02778]},
			"faces": {
				"north": {"uv": [16, 0, 0, 16], "texture": "#6", "tintindex": 0},
				"east": {"uv": [16, 0, 0, 16], "texture": "#6", "tintindex": 0},
				"south": {"uv": [16, 0, 0, 16], "texture": "#6", "tintindex": 0},
				"west": {"uv": [16, 0, 0, 16], "texture": "#6", "tintindex": 0},
				"up": {"uv": [0, 16, 16, 0], "texture": "#6", "tintindex": 0},
				"down": {"uv": [0, 16, 16, 0], "texture": "#6", "tintindex": 0}
			}
		},
		{
			"name": "Cube",
			"from": [20.70812, 17.61344, 24.37855],
			"to": [21.30812, 19.17344, 27.59855],
			"rotation": {"angle": 0, "axis": "y", "origin": [20.98146, 11.25558, 4.02778]},
			"faces": {
				"north": {"uv": [16, 0, 0, 16], "texture": "#6", "tintindex": 0},
				"east": {"uv": [16, 0, 0, 16], "texture": "#6", "tintindex": 0},
				"south": {"uv": [16, 0, 0, 16], "texture": "#6", "tintindex": 0},
				"west": {"uv": [16, 0, 0, 16], "texture": "#6", "tintindex": 0},
				"up": {"uv": [0, 16, 16, 0], "texture": "#6", "tintindex": 0},
				"down": {"uv": [0, 16, 16, 0], "texture": "#6", "tintindex": 0}
			}
		},
		{
			"name": "Cube",
			"from": [4.31947, 7.29344, 26.6],
			"to": [4.94347, 12.57344, 28.5],
			"rotation": {"angle": 0, "axis": "y", "origin": [10.91947, 4.1312, 8.3]},
			"faces": {
				"north": {"uv": [16, 0, 0, 16], "texture": "#1"},
				"east": {"uv": [16, 0, 0, 16], "texture": "#1"},
				"south": {"uv": [16, 0, 0, 16], "texture": "#1"},
				"west": {"uv": [16, 0, 0, 16], "texture": "#1"},
				"up": {"uv": [0, 16, 16, 0], "texture": "#1"},
				"down": {"uv": [0, 16, 16, 0], "texture": "#1"}
			}
		},
		{
			"name": "Cube",
			"from": [-5.90812, 7.29344, 16.67855],
			"to": [-3.74812, 12.57344, 17.19855],
			"rotation": {"angle": 0, "axis": "y", "origin": [-4.98146, 13.65558, 19.42778]},
			"faces": {
				"north": {"uv": [16, 0, 0, 16], "texture": "#1"},
				"east": {"uv": [16, 0, 0, 16], "texture": "#1"},
				"south": {"uv": [16, 0, 0, 16], "texture": "#1"},
				"west": {"uv": [16, 0, 0, 16], "texture": "#1"},
				"up": {"uv": [16, 0, 0, 16], "rotation": 270, "texture": "#1"},
				"down": {"uv": [16, 0, 0, 16], "rotation": 90, "texture": "#1"}
			}
		},
		{
			"name": "Cube",
			"from": [19.74812, 7.29344, 16.67855],
			"to": [21.90812, 12.57344, 17.19855],
			"rotation": {"angle": 0, "axis": "y", "origin": [20.98146, 13.65558, 19.42778]},
			"faces": {
				"north": {"uv": [16, 0, 0, 16], "texture": "#1"},
				"east": {"uv": [16, 0, 0, 16], "texture": "#1"},
				"south": {"uv": [16, 0, 0, 16], "texture": "#1"},
				"west": {"uv": [16, 0, 0, 16], "texture": "#1"},
				"up": {"uv": [16, 0, 0, 16], "rotation": 270, "texture": "#1"},
				"down": {"uv": [16, 0, 0, 16], "rotation": 90, "texture": "#1"}
			}
		},
		{
			"name": "Cube",
			"from": [-2.32, 1.69971, -5.08237],
			"to": [3.44, 8.89971, -3.88237],
			"rotation": {"angle": 22.5, "axis": "x", "origin": [8, 6.83072, 2.83731]},
			"faces": {
				"north": {"uv": [0, 0, 16, 16], "texture": "#7", "tintindex": 0},
				"east": {"uv": [0, 0, 16, 16], "texture": "#7", "tintindex": 0},
				"south": {"uv": [0, 0, 16, 16], "texture": "#9"},
				"west": {"uv": [0, 0, 16, 16], "texture": "#7", "tintindex": 0},
				"up": {"uv": [0, 0, 16, 16], "texture": "#7", "tintindex": 0},
				"down": {"uv": [0, 0, 16, 16], "texture": "#7", "tintindex": 0}
			}
		},
		{
			"name": "Cube",
			"from": [-2.32, 1.69971, 3.91763],
			"to": [3.44, 8.89971, 5.11763],
			"rotation": {"angle": 22.5, "axis": "x", "origin": [8, 6.83072, 11.83731]},
			"faces": {
				"north": {"uv": [0, 0, 16, 16], "texture": "#7", "tintindex": 0},
				"east": {"uv": [0, 0, 16, 16], "texture": "#7", "tintindex": 0},
				"south": {"uv": [0, 0, 16, 16], "texture": "#9"},
				"west": {"uv": [0, 0, 16, 16], "texture": "#7", "tintindex": 0},
				"up": {"uv": [0, 0, 16, 16], "texture": "#7", "tintindex": 0},
				"down": {"uv": [0, 0, 16, 16], "texture": "#7", "tintindex": 0}
			}
		},
		{
			"name": "Cube",
			"from": [-2.32, 1.69971, 12.91763],
			"to": [3.44, 8.89971, 14.11763],
			"rotation": {"angle": 22.5, "axis": "x", "origin": [8, 6.83072, 20.83731]},
			"faces": {
				"north": {"uv": [0, 0, 16, 16], "texture": "#7", "tintindex": 0},
				"east": {"uv": [0, 0, 16, 16], "texture": "#7", "tintindex": 0},
				"south": {"uv": [0, 0, 16, 16], "texture": "#9"},
				"west": {"uv": [0, 0, 16, 16], "texture": "#7", "tintindex": 0},
				"up": {"uv": [0, 0, 16, 16], "texture": "#7", "tintindex": 0},
				"down": {"uv": [0, 0, 16, 16], "texture": "#7", "tintindex": 0}
			}
		},
		{
			"name": "Cube",
			"from": [12.56, 1.69971, -5.08237],
			"to": [18.32, 8.89971, -3.88237],
			"rotation": {"angle": 22.5, "axis": "x", "origin": [8, 6.83072, 2.83731]},
			"faces": {
				"north": {"uv": [0, 0, 16, 16], "texture": "#7", "tintindex": 0},
				"east": {"uv": [0, 0, 16, 16], "texture": "#7", "tintindex": 0},
				"south": {"uv": [0, 0, 16, 16], "texture": "#9"},
				"west": {"uv": [0, 0, 16, 16], "texture": "#7", "tintindex": 0},
				"up": {"uv": [0, 0, 16, 16], "texture": "#7", "tintindex": 0},
				"down": {"uv": [0, 0, 16, 16], "texture": "#7", "tintindex": 0}
			}
		},
		{
			"name": "Cube",
			"from": [12.56, 1.69971, 3.91763],
			"to": [18.32, 8.89971, 5.11763],
			"rotation": {"angle": 22.5, "axis": "x", "origin": [8, 6.83072, 11.83731]},
			"faces": {
				"north": {"uv": [0, 0, 16, 16], "texture": "#7", "tintindex": 0},
				"east": {"uv": [0, 0, 16, 16], "texture": "#7", "tintindex": 0},
				"south": {"uv": [0, 0, 16, 16], "texture": "#9"},
				"west": {"uv": [0, 0, 16, 16], "texture": "#7", "tintindex": 0},
				"up": {"uv": [0, 0, 16, 16], "texture": "#7", "tintindex": 0},
				"down": {"uv": [0, 0, 16, 16], "texture": "#7", "tintindex": 0}
			}
		},
		{
			"name": "Cube",
			"from": [12.56, 1.69971, 12.91763],
			"to": [18.32, 8.89971, 14.11763],
			"rotation": {"angle": 22.5, "axis": "x", "origin": [8, 6.83072, 20.83731]},
			"faces": {
				"north": {"uv": [0, 0, 16, 16], "texture": "#7", "tintindex": 0},
				"east": {"uv": [0, 0, 16, 16], "texture": "#7", "tintindex": 0},
				"south": {"uv": [0, 0, 16, 16], "texture": "#9"},
				"west": {"uv": [0, 0, 16, 16], "texture": "#7", "tintindex": 0},
				"up": {"uv": [0, 0, 16, 16], "texture": "#7", "tintindex": 0},
				"down": {"uv": [0, 0, 16, 16], "texture": "#7", "tintindex": 0}
			}
		},
		{
			"name": "Cube",
			"from": [-2.32, 4.904, -9.9],
			"to": [3.44, 6.344, -5.1],
			"rotation": {"angle": 0, "axis": "y", "origin": [8, 6.83072, 2.83731]},
			"faces": {
				"north": {"uv": [0, 0, 16, 16], "texture": "#7", "tintindex": 0},
				"east": {"uv": [0, 0, 16, 16], "texture": "#7", "tintindex": 0},
				"south": {"uv": [0, 0, 16, 16], "texture": "#7", "tintindex": 0},
				"west": {"uv": [0, 0, 16, 16], "texture": "#7", "tintindex": 0},
				"up": {"uv": [0, 0, 16, 16], "texture": "#7", "tintindex": 0},
				"down": {"uv": [0, 0, 16, 16], "texture": "#7", "tintindex": 0}
			}
		},
		{
			"name": "Cube",
			"from": [12.56, 4.904, -9.9],
			"to": [18.32, 6.344, -5.1],
			"rotation": {"angle": 0, "axis": "y", "origin": [8, 6.83072, 2.83731]},
			"faces": {
				"north": {"uv": [0, 0, 16, 16], "texture": "#7", "tintindex": 0},
				"east": {"uv": [0, 0, 16, 16], "texture": "#7", "tintindex": 0},
				"south": {"uv": [0, 0, 16, 16], "texture": "#7", "tintindex": 0},
				"west": {"uv": [0, 0, 16, 16], "texture": "#7", "tintindex": 0},
				"up": {"uv": [0, 0, 16, 16], "texture": "#7", "tintindex": 0},
				"down": {"uv": [0, 0, 16, 16], "texture": "#7", "tintindex": 0}
			}
		},
		{
			"name": "Cube",
			"from": [-3.04, 7.784, -7.5],
			"to": [-2.32, 8.504, -3.9],
			"rotation": {"angle": 0, "axis": "y", "origin": [8, 6.83072, 2.83731]},
			"faces": {
				"north": {"uv": [0, 0, 16, 16], "texture": "#9"},
				"east": {"uv": [0, 0, 16, 16], "texture": "#9"},
				"south": {"uv": [0, 0, 16, 16], "texture": "#9"},
				"west": {"uv": [0, 0, 16, 16], "texture": "#9"},
				"up": {"uv": [0, 0, 16, 16], "texture": "#9"},
				"down": {"uv": [0, 0, 16, 16], "texture": "#9"}
			}
		},
		{
			"name": "Cube",
			"from": [18.32, 7.784, -7.5],
			"to": [19.04, 8.504, -3.9],
			"rotation": {"angle": 0, "axis": "y", "origin": [8, 6.83072, 2.83731]},
			"faces": {
				"north": {"uv": [0, 0, 16, 16], "texture": "#9"},
				"east": {"uv": [0, 0, 16, 16], "texture": "#9"},
				"south": {"uv": [0, 0, 16, 16], "texture": "#9"},
				"west": {"uv": [0, 0, 16, 16], "texture": "#9"},
				"up": {"uv": [0, 0, 16, 16], "texture": "#9"},
				"down": {"uv": [0, 0, 16, 16], "texture": "#9"}
			}
		},
		{
			"name": "Cube",
			"from": [-2.32, 2.024, -9.9],
			"to": [3.44, 4.904, -5.1],
			"rotation": {"angle": 0, "axis": "y", "origin": [8, 6.83072, 2.83731]},
			"faces": {
				"north": {"uv": [0, 0, 16, 16], "texture": "#9"},
				"east": {"uv": [0, 0, 16, 16], "texture": "#9"},
				"south": {"uv": [0, 0, 16, 16], "texture": "#9"},
				"west": {"uv": [0, 0, 16, 16], "texture": "#9"},
				"up": {"uv": [0, 0, 16, 16], "texture": "#9"},
				"down": {"uv": [0, 0, 16, 16], "texture": "#9"}
			}
		},
		{
			"name": "Cube",
			"from": [12.56, 2.024, -9.9],
			"to": [18.32, 4.904, -5.1],
			"rotation": {"angle": 0, "axis": "y", "origin": [8, 6.83072, 2.83731]},
			"faces": {
				"north": {"uv": [0, 0, 16, 16], "texture": "#9"},
				"east": {"uv": [0, 0, 16, 16], "texture": "#9"},
				"south": {"uv": [0, 0, 16, 16], "texture": "#9"},
				"west": {"uv": [0, 0, 16, 16], "texture": "#9"},
				"up": {"uv": [0, 0, 16, 16], "texture": "#9"},
				"down": {"uv": [0, 0, 16, 16], "texture": "#9"}
			}
		},
		{
			"name": "Cube",
			"from": [3.44, 7.784, -7.5],
			"to": [4.16, 8.504, -3.9],
			"rotation": {"angle": 0, "axis": "y", "origin": [8, 6.83072, 2.83731]},
			"faces": {
				"north": {"uv": [0, 0, 16, 16], "texture": "#9"},
				"east": {"uv": [0, 0, 16, 16], "texture": "#9"},
				"south": {"uv": [0, 0, 16, 16], "texture": "#9"},
				"west": {"uv": [0, 0, 16, 16], "texture": "#9"},
				"up": {"uv": [0, 0, 16, 16], "texture": "#9"},
				"down": {"uv": [0, 0, 16, 16], "texture": "#9"}
			}
		},
		{
			"name": "Cube",
			"from": [11.84, 7.784, -7.5],
			"to": [12.56, 8.504, -3.9],
			"rotation": {"angle": 0, "axis": "y", "origin": [8, 6.83072, 2.83731]},
			"faces": {
				"north": {"uv": [0, 0, 16, 16], "texture": "#9"},
				"east": {"uv": [0, 0, 16, 16], "texture": "#9"},
				"south": {"uv": [0, 0, 16, 16], "texture": "#9"},
				"west": {"uv": [0, 0, 16, 16], "texture": "#9"},
				"up": {"uv": [0, 0, 16, 16], "texture": "#9"},
				"down": {"uv": [0, 0, 16, 16], "texture": "#9"}
			}
		},
		{
			"name": "Cube",
			"from": [2.8136, 20.96576, -12],
			"to": [13.1864, 23.4464, 27.6],
			"rotation": {"angle": 0, "axis": "y", "origin": [10.436, 7.9712, 7.2]},
			"faces": {
				"north": {"uv": [16, 0, 0, 16], "texture": "#6", "tintindex": 0},
				"east": {"uv": [16, 0, 0, 16], "texture": "#6", "tintindex": 0},
				"south": {"uv": [16, 0, 0, 16], "texture": "#6", "tintindex": 0},
				"west": {"uv": [16, 0, 0, 16], "texture": "#6", "tintindex": 0},
				"up": {"uv": [0, 16, 16, 0], "texture": "#6", "tintindex": 0},
				"down": {"uv": [0, 16, 16, 0], "texture": "#6", "tintindex": 0}
			}
		},
		{
			"name": "Cube",
			"from": [4.0136, 2.00576, -12],
			"to": [11.9864, 2.60576, 27.7],
			"rotation": {"angle": 0, "axis": "y", "origin": [10.436, -10.5088, 7.3]},
			"faces": {
				"north": {"uv": [16, 0, 0, 16], "texture": "#7", "tintindex": 0},
				"east": {"uv": [16, 0, 0, 16], "texture": "#7", "tintindex": 0},
				"south": {"uv": [16, 0, 0, 16], "texture": "#7", "tintindex": 0},
				"west": {"uv": [16, 0, 0, 16], "texture": "#7", "tintindex": 0},
				"up": {"uv": [0, 16, 16, 0], "texture": "#7", "tintindex": 0},
				"down": {"uv": [0, 16, 16, 0], "texture": "#7", "tintindex": 0}
			}
		},
		{
			"name": "Cube",
			"from": [6.82603, 21.69344, -12],
			"to": [15.98443, 23.91584, 27.6],
			"rotation": {"angle": -22.5, "axis": "z", "origin": [8.62891, 7.71296, 6.2]},
			"faces": {
				"north": {"uv": [16, 0, 0, 16], "texture": "#6", "tintindex": 0},
				"east": {"uv": [16, 0, 0, 16], "texture": "#6", "tintindex": 0},
				"south": {"uv": [16, 0, 0, 16], "texture": "#6", "tintindex": 0},
				"west": {"uv": [16, 0, 0, 16], "texture": "#6", "tintindex": 0},
				"up": {"uv": [0, 16, 16, 0], "texture": "#6", "tintindex": 0},
				"down": {"uv": [0, 16, 16, 0], "texture": "#6", "tintindex": 0}
			}
		},
		{
			"name": "Cube",
			"from": [0.01557, 21.69344, -12],
			"to": [9.17397, 23.91584, 27.6],
			"rotation": {"angle": 22.5, "axis": "z", "origin": [7.37109, 7.71296, 6.2]},
			"faces": {
				"north": {"uv": [16, 0, 0, 16], "texture": "#6", "tintindex": 0},
				"east": {"uv": [16, 0, 0, 16], "texture": "#6", "tintindex": 0},
				"south": {"uv": [16, 0, 0, 16], "texture": "#6", "tintindex": 0},
				"west": {"uv": [16, 0, 0, 16], "texture": "#6", "tintindex": 0},
				"up": {"uv": [0, 16, 16, 0], "texture": "#6", "tintindex": 0},
				"down": {"uv": [0, 16, 16, 0], "texture": "#6", "tintindex": 0}
			}
		},
		{
			"name": "Cube",
			"from": [-5.04747, 2.13344, -12],
			"to": [-3.60747, 4.53344, 15.5],
			"rotation": {"angle": 0, "axis": "y", "origin": [6.76053, 3.0512, -3.7]},
			"faces": {
				"north": {"uv": [16, 0, 0, 16], "texture": "#6", "tintindex": 0},
				"east": {"uv": [16, 0, 0, 16], "texture": "#6", "tintindex": 0},
				"south": {"uv": [16, 0, 0, 16], "texture": "#6", "tintindex": 0},
				"west": {"uv": [16, 0, 0, 16], "texture": "#6", "tintindex": 0},
				"up": {"uv": [0, 16, 16, 0], "texture": "#6", "tintindex": 0},
				"down": {"uv": [0, 16, 16, 0], "texture": "#6", "tintindex": 0}
			}
		},
		{
			"name": "Cube",
			"from": [19.60747, 2.13344, -12],
			"to": [21.04747, 4.53344, 15.5],
			"rotation": {"angle": 0, "axis": "y", "origin": [9.23947, 3.0512, -3.7]},
			"faces": {
				"north": {"uv": [16, 0, 0, 16], "texture": "#6", "tintindex": 0},
				"east": {"uv": [16, 0, 0, 16], "texture": "#6", "tintindex": 0},
				"south": {"uv": [16, 0, 0, 16], "texture": "#6", "tintindex": 0},
				"west": {"uv": [16, 0, 0, 16], "texture": "#6", "tintindex": 0},
				"up": {"uv": [0, 16, 16, 0], "texture": "#6", "tintindex": 0},
				"down": {"uv": [0, 16, 16, 0], "texture": "#6", "tintindex": 0}
			}
		},
		{
			"name": "Cube",
			"from": [-5.04747, 2.13344, 24],
			"to": [-3.60747, 4.53344, 27.5],
			"rotation": {"angle": 0, "axis": "y", "origin": [6.76053, 3.0512, 7.3]},
			"faces": {
				"north": {"uv": [16, 0, 0, 16], "texture": "#6", "tintindex": 0},
				"east": {"uv": [16, 0, 0, 16], "texture": "#6", "tintindex": 0},
				"south": {"uv": [16, 0, 0, 16], "texture": "#6", "tintindex": 0},
				"west": {"uv": [16, 0, 0, 16], "texture": "#6", "tintindex": 0},
				"up": {"uv": [0, 16, 16, 0], "texture": "#6", "tintindex": 0},
				"down": {"uv": [0, 16, 16, 0], "texture": "#6", "tintindex": 0}
			}
		},
		{
			"name": "Cube",
			"from": [19.60747, 2.13344, 24],
			"to": [21.04747, 4.53344, 27.5],
			"rotation": {"angle": 0, "axis": "y", "origin": [9.23947, 3.0512, 7.3]},
			"faces": {
				"north": {"uv": [16, 0, 0, 16], "texture": "#6", "tintindex": 0},
				"east": {"uv": [16, 0, 0, 16], "texture": "#6", "tintindex": 0},
				"south": {"uv": [16, 0, 0, 16], "texture": "#6", "tintindex": 0},
				"west": {"uv": [16, 0, 0, 16], "texture": "#6", "tintindex": 0},
				"up": {"uv": [0, 16, 16, 0], "texture": "#6", "tintindex": 0},
				"down": {"uv": [0, 16, 16, 0], "texture": "#6", "tintindex": 0}
			}
		},
		{
			"name": "Cube",
			"from": [12.04747, 2.13344, 26],
			"to": [19.84747, 4.53344, 27.5],
			"rotation": {"angle": 0, "axis": "y", "origin": [0.83947, 3.0512, -3.7]},
			"faces": {
				"north": {"uv": [16, 0, 0, 16], "texture": "#6", "tintindex": 0},
				"east": {"uv": [16, 0, 0, 16], "texture": "#6", "tintindex": 0},
				"south": {"uv": [16, 0, 0, 16], "texture": "#6", "tintindex": 0},
				"west": {"uv": [16, 0, 0, 16], "texture": "#6", "tintindex": 0},
				"up": {"uv": [0, 16, 16, 0], "texture": "#6", "tintindex": 0},
				"down": {"uv": [0, 16, 16, 0], "texture": "#6", "tintindex": 0}
			}
		},
		{
			"name": "Cube",
			"from": [-3.84747, 2.13344, 26],
			"to": [3.95253, 4.53344, 27.5],
			"rotation": {"angle": 0, "axis": "y", "origin": [15.16053, 3.0512, -3.7]},
			"faces": {
				"north": {"uv": [16, 0, 0, 16], "texture": "#6", "tintindex": 0},
				"east": {"uv": [16, 0, 0, 16], "texture": "#6", "tintindex": 0},
				"south": {"uv": [16, 0, 0, 16], "texture": "#6", "tintindex": 0},
				"west": {"uv": [16, 0, 0, 16], "texture": "#6", "tintindex": 0},
				"up": {"uv": [0, 16, 16, 0], "texture": "#6", "tintindex": 0},
				"down": {"uv": [0, 16, 16, 0], "texture": "#6", "tintindex": 0}
			}
		},
		{
			"name": "Cube",
			"from": [-3.72747, 4.53344, 26],
			"to": [3.95253, 9.13344, 27.5],
			"rotation": {"angle": 0, "axis": "y", "origin": [15.16053, 5.4512, -3.7]},
			"faces": {
				"north": {"uv": [16, 0, 0, 16], "texture": "#8"},
				"east": {"uv": [16, 0, 0, 16], "texture": "#8"},
				"south": {"uv": [0, 16, 16, 0], "rotation": 90, "texture": "#2", "tintindex": 0},
				"west": {"uv": [16, 0, 0, 16], "texture": "#8"},
				"up": {"uv": [0, 16, 16, 0], "texture": "#8"},
				"down": {"uv": [0, 16, 16, 0], "texture": "#8"}
			}
		},
		{
			"name": "Cube",
			"from": [12.04747, 4.53344, 26],
			"to": [19.72747, 9.13344, 27.5],
			"rotation": {"angle": 0, "axis": "y", "origin": [0.83947, 5.4512, -3.7]},
			"faces": {
				"north": {"uv": [0, 0, 16, 16], "texture": "#8"},
				"east": {"uv": [0, 0, 16, 16], "texture": "#8"},
				"south": {"uv": [0, 0, 16, 16], "rotation": 90, "texture": "#2", "tintindex": 0},
				"west": {"uv": [0, 0, 16, 16], "texture": "#8"},
				"up": {"uv": [16, 16, 0, 0], "texture": "#8"},
				"down": {"uv": [16, 16, 0, 0], "texture": "#8"}
			}
		},
		{
			"name": "Cube",
			"from": [-3.72747, 17.23344, 26],
			"to": [3.95253, 18.33344, 27.5],
			"rotation": {"angle": 0, "axis": "y", "origin": [15.16053, 16.2512, -3.7]},
			"faces": {
				"north": {"uv": [16, 0, 0, 16], "texture": "#8"},
				"east": {"uv": [16, 0, 0, 16], "texture": "#8"},
				"south": {"uv": [0, 16, 16, 0], "rotation": 90, "texture": "#2", "tintindex": 0},
				"west": {"uv": [16, 0, 0, 16], "texture": "#8"},
				"up": {"uv": [0, 16, 16, 0], "texture": "#8"},
				"down": {"uv": [0, 16, 16, 0], "texture": "#8"}
			}
		},
		{
			"name": "Cube",
			"from": [12.04747, 17.23344, 26],
			"to": [19.72747, 18.33344, 27.5],
			"rotation": {"angle": 0, "axis": "y", "origin": [0.83947, 16.2512, -3.7]},
			"faces": {
				"north": {"uv": [0, 0, 16, 16], "texture": "#8"},
				"east": {"uv": [0, 0, 16, 16], "texture": "#8"},
				"south": {"uv": [0, 0, 16, 16], "rotation": 90, "texture": "#2", "tintindex": 0},
				"west": {"uv": [0, 0, 16, 16], "texture": "#8"},
				"up": {"uv": [16, 16, 0, 0], "texture": "#8"},
				"down": {"uv": [16, 16, 0, 0], "texture": "#8"}
			}
		},
		{
			"name": "Cube",
			"from": [14.48, -6.08896, -10],
			"to": [19.424, 0.33344, 2.3],
			"rotation": {"angle": 0, "axis": "y", "origin": [9.5552, 3.6512, 12.4]},
			"faces": {
				"north": {"uv": [16, 0, 0, 16], "texture": "#0"},
				"east": {"uv": [16, 0, 0, 16], "texture": "#0"},
				"south": {"uv": [16, 0, 0, 16], "texture": "#0"},
				"west": {"uv": [16, 0, 0, 16], "texture": "#0"},
				"up": {"uv": [0, 16, 16, 0], "texture": "#0"},
				"down": {"uv": [0, 16, 16, 0], "texture": "#0"}
			}
		},
		{
			"name": "Cube",
			"from": [-3.424, -6.08896, -10],
			"to": [1.52, 0.33344, 2.3],
			"rotation": {"angle": 0, "axis": "y", "origin": [6.4448, 3.6512, 12.4]},
			"faces": {
				"north": {"uv": [16, 0, 0, 16], "texture": "#0"},
				"east": {"uv": [16, 0, 0, 16], "texture": "#0"},
				"south": {"uv": [16, 0, 0, 16], "texture": "#0"},
				"west": {"uv": [16, 0, 0, 16], "texture": "#0"},
				"up": {"uv": [0, 16, 16, 0], "texture": "#0"},
				"down": {"uv": [0, 16, 16, 0], "texture": "#0"}
			}
		},
		{
			"name": "Base",
			"from": [9.3248, -2.3488, 30.6],
			"to": [10.9952, 0.8048, 32],
			"rotation": {"angle": 0, "axis": "y", "origin": [-2.47168, 6.2912, 3.2]},
			"faces": {
				"north": {"uv": [16, 0, 0, 16], "texture": "#0"},
				"east": {"uv": [16, 0, 0, 16], "texture": "#0"},
				"south": {"uv": [16, 0, 0, 16], "texture": "#0"},
				"west": {"uv": [16, 0, 0, 16], "texture": "#0"},
				"up": {"uv": [0, 16, 16, 0], "texture": "#0"},
				"down": {"uv": [0, 16, 16, 0], "texture": "#0"}
			}
		},
		{
			"name": "Base",
			"from": [5.0048, -2.3488, 30.6],
			"to": [6.6752, 0.8048, 32],
			"rotation": {"angle": 0, "axis": "y", "origin": [-6.79168, 6.2912, 3.2]},
			"faces": {
				"north": {"uv": [16, 0, 0, 16], "texture": "#0"},
				"east": {"uv": [16, 0, 0, 16], "texture": "#0"},
				"south": {"uv": [16, 0, 0, 16], "texture": "#0"},
				"west": {"uv": [16, 0, 0, 16], "texture": "#0"},
				"up": {"uv": [0, 16, 16, 0], "texture": "#0"},
				"down": {"uv": [0, 16, 16, 0], "texture": "#0"}
			}
		},
		{
			"name": "Base",
			"from": [6.4448, -2.3488, 29.6],
			"to": [9.5552, 0.8048, 31.6],
			"rotation": {"angle": 0, "axis": "y", "origin": [-3.91168, 6.2912, 3.2]},
			"faces": {
				"north": {"uv": [16, 0, 0, 16], "texture": "#0"},
				"east": {"uv": [16, 0, 0, 16], "texture": "#0"},
				"south": {"uv": [16, 0, 0, 16], "texture": "#0"},
				"west": {"uv": [16, 0, 0, 16], "texture": "#0"},
				"up": {"uv": [0, 16, 16, 0], "texture": "#0"},
				"down": {"uv": [0, 16, 16, 0], "texture": "#0"}
			}
		},
		{
			"name": "Cube",
			"from": [-6.544, -0.99616, 26],
			"to": [22.544, 2.19104, 29.6],
			"rotation": {"angle": 0, "axis": "y", "origin": [11.6288, 7.8512, 3.2]},
			"faces": {
				"north": {"uv": [16, 0, 0, 16], "texture": "#1"},
				"east": {"uv": [16, 0, 0, 16], "texture": "#1"},
				"south": {"uv": [16, 0, 0, 16], "texture": "#1"},
				"west": {"uv": [16, 0, 0, 16], "texture": "#1"},
				"up": {"uv": [0, 16, 16, 0], "texture": "#1"},
				"down": {"uv": [0, 16, 16, 0], "texture": "#1"}
			}
		},
		{
			"name": "Cube",
			"from": [-5.96, 0.75104, -12],
			"to": [21.96, 2.13344, 28.4],
			"rotation": {"angle": 0, "axis": "y", "origin": [9.5552, 5.4512, 3.2]},
			"faces": {
				"north": {"uv": [16, 0, 0, 16], "texture": "#1"},
				"east": {"uv": [16, 0, 0, 16], "texture": "#1"},
				"south": {"uv": [16, 0, 0, 16], "texture": "#1"},
				"west": {"uv": [16, 0, 0, 16], "texture": "#1"},
				"up": {"uv": [0, 16, 16, 0], "texture": "#1"},
				"down": {"uv": [0, 16, 16, 0], "texture": "#1"}
			}
		},
		{
			"name": "Cube",
			"from": [11.84, 2.19104, -12],
			"to": [20.48, 2.43104, 27.4],
			"rotation": {"angle": 0, "axis": "y", "origin": [25.1552, 7.0112, 3.2]},
			"faces": {
				"north": {"uv": [16, 0, 0, 16], "texture": "#8"},
				"east": {"uv": [16, 0, 0, 16], "texture": "#8"},
				"south": {"uv": [16, 0, 0, 16], "texture": "#8"},
				"west": {"uv": [16, 0, 0, 16], "texture": "#8"},
				"up": {"uv": [0, 16, 16, 0], "texture": "#8"},
				"down": {"uv": [0, 16, 16, 0], "texture": "#8"}
			}
		},
		{
			"name": "Cube",
			"from": [-4.24, 2.19104, -12],
			"to": [4.16, 2.43104, 27.4],
			"rotation": {"angle": 0, "axis": "y", "origin": [10.7552, 7.0112, 3.2]},
			"faces": {
				"north": {"uv": [16, 0, 0, 16], "texture": "#8"},
				"east": {"uv": [16, 0, 0, 16], "texture": "#8"},
				"south": {"uv": [16, 0, 0, 16], "texture": "#8"},
				"west": {"uv": [16, 0, 0, 16], "texture": "#8"},
				"up": {"uv": [0, 16, 16, 0], "texture": "#8"},
				"down": {"uv": [0, 16, 16, 0], "texture": "#8"}
			}
		},
		{
			"name": "Cube",
			"from": [-3.76, 18.27104, -12],
			"to": [1.16, 19.47104, 27.4],
			"rotation": {"angle": 0, "axis": "y", "origin": [10.7552, 23.0912, 3.2]},
			"faces": {
				"north": {"uv": [16, 0, 0, 16], "texture": "#8"},
				"east": {"uv": [16, 0, 0, 16], "texture": "#8"},
				"south": {"uv": [16, 0, 0, 16], "texture": "#8"},
				"west": {"uv": [16, 0, 0, 16], "texture": "#8"},
				"up": {"uv": [0, 16, 16, 0], "texture": "#8"},
				"down": {"uv": [0, 16, 16, 0], "texture": "#8"}
			}
		},
		{
			"name": "Cube",
			"from": [-3.76, 15.75104, -12],
			"to": [1.64, 18.27104, -4.6],
			"rotation": {"angle": 0, "axis": "y", "origin": [10.7552, 20.6912, 3.2]},
			"faces": {
				"north": {"uv": [16, 0, 0, 16], "texture": "#9"},
				"east": {"uv": [16, 0, 0, 16], "texture": "#9"},
				"south": {"uv": [16, 0, 0, 16], "texture": "#9"},
				"west": {"uv": [16, 0, 0, 16], "texture": "#9"},
				"up": {"uv": [0, 16, 16, 0], "texture": "#9"},
				"down": {"uv": [0, 16, 16, 0], "texture": "#9"}
			}
		},
		{
			"name": "Cube",
			"from": [14.36, 15.75104, -12],
			"to": [19.76, 18.27104, -4.6],
			"rotation": {"angle": 0, "axis": "y", "origin": [5.2448, 20.6912, 3.2]},
			"faces": {
				"north": {"uv": [16, 0, 0, 16], "texture": "#9"},
				"east": {"uv": [16, 0, 0, 16], "texture": "#9"},
				"south": {"uv": [16, 0, 0, 16], "texture": "#9"},
				"west": {"uv": [16, 0, 0, 16], "texture": "#9"},
				"up": {"uv": [0, 16, 16, 0], "texture": "#9"},
				"down": {"uv": [0, 16, 16, 0], "texture": "#9"}
			}
		},
		{
			"name": "Cube",
			"from": [-3.76, 15.75104, -5],
			"to": [1.64, 18.27104, 2.4],
			"rotation": {"angle": 0, "axis": "y", "origin": [10.7552, 20.6912, 10.2]},
			"faces": {
				"north": {"uv": [16, 0, 0, 16], "texture": "#9"},
				"east": {"uv": [16, 0, 0, 16], "texture": "#9"},
				"south": {"uv": [16, 0, 0, 16], "texture": "#9"},
				"west": {"uv": [16, 0, 0, 16], "texture": "#9"},
				"up": {"uv": [0, 16, 16, 0], "texture": "#9"},
				"down": {"uv": [0, 16, 16, 0], "texture": "#9"}
			}
		},
		{
			"name": "Cube",
			"from": [14.36, 15.75104, -5],
			"to": [19.76, 18.27104, 2.4],
			"rotation": {"angle": 0, "axis": "y", "origin": [5.2448, 20.6912, 10.2]},
			"faces": {
				"north": {"uv": [16, 0, 0, 16], "texture": "#9"},
				"east": {"uv": [16, 0, 0, 16], "texture": "#9"},
				"south": {"uv": [16, 0, 0, 16], "texture": "#9"},
				"west": {"uv": [16, 0, 0, 16], "texture": "#9"},
				"up": {"uv": [0, 16, 16, 0], "texture": "#9"},
				"down": {"uv": [0, 16, 16, 0], "texture": "#9"}
			}
		},
		{
			"name": "Cube",
			"from": [-3.76, 15.75104, 2],
			"to": [1.64, 18.27104, 9.4],
			"rotation": {"angle": 0, "axis": "y", "origin": [10.7552, 20.6912, 17.2]},
			"faces": {
				"north": {"uv": [16, 0, 0, 16], "texture": "#9"},
				"east": {"uv": [16, 0, 0, 16], "texture": "#9"},
				"south": {"uv": [16, 0, 0, 16], "texture": "#9"},
				"west": {"uv": [16, 0, 0, 16], "texture": "#9"},
				"up": {"uv": [0, 16, 16, 0], "texture": "#9"},
				"down": {"uv": [0, 16, 16, 0], "texture": "#9"}
			}
		},
		{
			"name": "Cube",
			"from": [14.36, 15.75104, 2],
			"to": [19.76, 18.27104, 9.4],
			"rotation": {"angle": 0, "axis": "y", "origin": [5.2448, 20.6912, 17.2]},
			"faces": {
				"north": {"uv": [16, 0, 0, 16], "texture": "#9"},
				"east": {"uv": [16, 0, 0, 16], "texture": "#9"},
				"south": {"uv": [16, 0, 0, 16], "texture": "#9"},
				"west": {"uv": [16, 0, 0, 16], "texture": "#9"},
				"up": {"uv": [0, 16, 16, 0], "texture": "#9"},
				"down": {"uv": [0, 16, 16, 0], "texture": "#9"}
			}
		},
		{
			"name": "Cube",
			"from": [-3.76, 15.75104, 9],
			"to": [1.64, 18.27104, 16.4],
			"rotation": {"angle": 0, "axis": "y", "origin": [10.7552, 20.6912, 24.2]},
			"faces": {
				"north": {"uv": [16, 0, 0, 16], "texture": "#9"},
				"east": {"uv": [16, 0, 0, 16], "texture": "#9"},
				"south": {"uv": [16, 0, 0, 16], "texture": "#9"},
				"west": {"uv": [16, 0, 0, 16], "texture": "#9"},
				"up": {"uv": [0, 16, 16, 0], "texture": "#9"},
				"down": {"uv": [0, 16, 16, 0], "texture": "#9"}
			}
		},
		{
			"name": "Cube",
			"from": [14.36, 15.75104, 9],
			"to": [19.76, 18.27104, 16.4],
			"rotation": {"angle": 0, "axis": "y", "origin": [5.2448, 20.6912, 24.2]},
			"faces": {
				"north": {"uv": [16, 0, 0, 16], "texture": "#9"},
				"east": {"uv": [16, 0, 0, 16], "texture": "#9"},
				"south": {"uv": [16, 0, 0, 16], "texture": "#9"},
				"west": {"uv": [16, 0, 0, 16], "texture": "#9"},
				"up": {"uv": [0, 16, 16, 0], "texture": "#9"},
				"down": {"uv": [0, 16, 16, 0], "texture": "#9"}
			}
		},
		{
			"name": "Cube",
			"from": [14.84, 18.27104, -12],
			"to": [19.76, 19.47104, 27.4],
			"rotation": {"angle": 0, "axis": "y", "origin": [5.2448, 23.0912, 3.2]},
			"faces": {
				"north": {"uv": [16, 0, 0, 16], "texture": "#8"},
				"east": {"uv": [16, 0, 0, 16], "texture": "#8"},
				"south": {"uv": [16, 0, 0, 16], "texture": "#8"},
				"west": {"uv": [16, 0, 0, 16], "texture": "#8"},
				"up": {"uv": [0, 16, 16, 0], "texture": "#8"},
				"down": {"uv": [0, 16, 16, 0], "texture": "#8"}
			}
		},
		{
			"name": "Cube",
			"from": [-1.36, 19.47104, -12],
			"to": [2.96, 21.15104, 27.4],
			"rotation": {"angle": 0, "axis": "y", "origin": [13.1552, 24.2912, 3.2]},
			"faces": {
				"north": {"uv": [16, 0, 0, 16], "texture": "#8"},
				"east": {"uv": [16, 0, 0, 16], "texture": "#8"},
				"south": {"uv": [16, 0, 0, 16], "texture": "#8"},
				"west": {"uv": [16, 0, 0, 16], "texture": "#8"},
				"up": {"uv": [0, 16, 16, 0], "texture": "#8"},
				"down": {"uv": [0, 16, 16, 0], "texture": "#8"}
			}
		},
		{
			"name": "Cube",
			"from": [13.04, 19.47104, -12],
			"to": [17.36, 21.15104, 27.4],
			"rotation": {"angle": 0, "axis": "y", "origin": [2.8448, 24.2912, 3.2]},
			"faces": {
				"north": {"uv": [16, 0, 0, 16], "texture": "#8"},
				"east": {"uv": [16, 0, 0, 16], "texture": "#8"},
				"south": {"uv": [16, 0, 0, 16], "texture": "#8"},
				"west": {"uv": [16, 0, 0, 16], "texture": "#8"},
				"up": {"uv": [0, 16, 16, 0], "texture": "#8"},
				"down": {"uv": [0, 16, 16, 0], "texture": "#8"}
			}
		},
		{
			"name": "Cube",
			"from": [2.84, 20.67104, -12],
			"to": [13.04, 21.03104, 27.4],
			"rotation": {"angle": 0, "axis": "y", "origin": [-7.1152, 24.1712, 3.2]},
			"faces": {
				"north": {"uv": [16, 0, 0, 16], "texture": "#8"},
				"east": {"uv": [16, 0, 0, 16], "texture": "#8"},
				"south": {"uv": [16, 0, 0, 16], "texture": "#8"},
				"west": {"uv": [16, 0, 0, 16], "texture": "#8"},
				"up": {"uv": [0, 16, 16, 0], "texture": "#8"},
				"down": {"uv": [0, 16, 16, 0], "texture": "#8"}
			}
		},
		{
			"name": "Cube",
			"from": [6.85, 20.37104, 10.9],
			"to": [9.15, 20.73104, 23.4],
			"rotation": {"angle": 0, "axis": "y", "origin": [-5.1052, 23.8712, 18.2]},
			"faces": {
				"north": {"uv": [16, 0, 0, 16], "texture": "#10"},
				"east": {"uv": [16, 0, 0, 16], "texture": "#10"},
				"south": {"uv": [16, 0, 0, 16], "texture": "#10"},
				"west": {"uv": [16, 0, 0, 16], "texture": "#10"},
				"up": {"uv": [0, 16, 16, 0], "texture": "#10"},
				"down": {"uv": [0, 16, 16, 0], "texture": "#10"}
			}
		},
		{
			"name": "Cube",
			"from": [6.85, 20.37104, -8.1],
			"to": [9.15, 20.73104, 4.4],
			"rotation": {"angle": 0, "axis": "y", "origin": [-5.1052, 23.8712, -0.8]},
			"faces": {
				"north": {"uv": [16, 0, 0, 16], "texture": "#10"},
				"east": {"uv": [16, 0, 0, 16], "texture": "#10"},
				"south": {"uv": [16, 0, 0, 16], "texture": "#10"},
				"west": {"uv": [16, 0, 0, 16], "texture": "#10"},
				"up": {"uv": [0, 16, 16, 0], "texture": "#10"},
				"down": {"uv": [0, 16, 16, 0], "texture": "#10"}
			}
		},
		{
			"name": "Cube",
			"from": [1.46816, -4.56256, -12],
			"to": [14.53184, 0.75104, 29.7],
			"rotation": {"angle": 0, "axis": "y", "origin": [5.408, 5.4512, 5.2]},
			"faces": {
				"north": {"uv": [16, 0, 0, 16], "texture": "#1"},
				"east": {"uv": [16, 0, 0, 16], "texture": "#1"},
				"south": {"uv": [16, 0, 0, 16], "texture": "#1"},
				"west": {"uv": [16, 0, 0, 16], "texture": "#1"},
				"up": {"uv": [0, 16, 16, 0], "texture": "#1"},
				"down": {"uv": [0, 16, 16, 0], "texture": "#1"}
			}
		},
		{
			"name": "Cube",
			"from": [-2.32, 4.904, -0.9],
			"to": [3.44, 6.344, 3.9],
			"rotation": {"angle": 0, "axis": "y", "origin": [8, 6.83072, 2.83731]},
			"faces": {
				"north": {"uv": [0, 0, 16, 16], "texture": "#7", "tintindex": 0},
				"east": {"uv": [0, 0, 16, 16], "texture": "#7", "tintindex": 0},
				"south": {"uv": [0, 0, 16, 16], "texture": "#7", "tintindex": 0},
				"west": {"uv": [0, 0, 16, 16], "texture": "#7", "tintindex": 0},
				"up": {"uv": [0, 0, 16, 16], "texture": "#7", "tintindex": 0},
				"down": {"uv": [0, 0, 16, 16], "texture": "#7", "tintindex": 0}
			}
		},
		{
			"name": "Cube",
			"from": [12.56, 4.904, -0.9],
			"to": [18.32, 6.344, 3.9],
			"rotation": {"angle": 0, "axis": "y", "origin": [8, 6.83072, 2.83731]},
			"faces": {
				"north": {"uv": [0, 0, 16, 16], "texture": "#7", "tintindex": 0},
				"east": {"uv": [0, 0, 16, 16], "texture": "#7", "tintindex": 0},
				"south": {"uv": [0, 0, 16, 16], "texture": "#7", "tintindex": 0},
				"west": {"uv": [0, 0, 16, 16], "texture": "#7", "tintindex": 0},
				"up": {"uv": [0, 0, 16, 16], "texture": "#7", "tintindex": 0},
				"down": {"uv": [0, 0, 16, 16], "texture": "#7", "tintindex": 0}
			}
		},
		{
			"name": "Cube",
			"from": [-3.04, 7.784, 1.5],
			"to": [-2.32, 8.504, 5.1],
			"rotation": {"angle": 0, "axis": "y", "origin": [8, 6.83072, 2.83731]},
			"faces": {
				"north": {"uv": [0, 0, 16, 16], "texture": "#9"},
				"east": {"uv": [0, 0, 16, 16], "texture": "#9"},
				"south": {"uv": [0, 0, 16, 16], "texture": "#9"},
				"west": {"uv": [0, 0, 16, 16], "texture": "#9"},
				"up": {"uv": [0, 0, 16, 16], "texture": "#9"},
				"down": {"uv": [0, 0, 16, 16], "texture": "#9"}
			}
		},
		{
			"name": "Cube",
			"from": [18.32, 7.784, 1.5],
			"to": [19.04, 8.504, 5.1],
			"rotation": {"angle": 0, "axis": "y", "origin": [8, 6.83072, 2.83731]},
			"faces": {
				"north": {"uv": [0, 0, 16, 16], "texture": "#9"},
				"east": {"uv": [0, 0, 16, 16], "texture": "#9"},
				"south": {"uv": [0, 0, 16, 16], "texture": "#9"},
				"west": {"uv": [0, 0, 16, 16], "texture": "#9"},
				"up": {"uv": [0, 0, 16, 16], "texture": "#9"},
				"down": {"uv": [0, 0, 16, 16], "texture": "#9"}
			}
		},
		{
			"name": "Cube",
			"from": [-2.32, 2.024, -0.9],
			"to": [3.44, 4.904, 3.9],
			"rotation": {"angle": 0, "axis": "y", "origin": [8, 6.83072, 2.83731]},
			"faces": {
				"north": {"uv": [0, 0, 16, 16], "texture": "#9"},
				"east": {"uv": [0, 0, 16, 16], "texture": "#9"},
				"south": {"uv": [0, 0, 16, 16], "texture": "#9"},
				"west": {"uv": [0, 0, 16, 16], "texture": "#9"},
				"up": {"uv": [0, 0, 16, 16], "texture": "#9"},
				"down": {"uv": [0, 0, 16, 16], "texture": "#9"}
			}
		},
		{
			"name": "Cube",
			"from": [12.56, 2.024, -0.9],
			"to": [18.32, 4.904, 3.9],
			"rotation": {"angle": 0, "axis": "y", "origin": [8, 6.83072, 2.83731]},
			"faces": {
				"north": {"uv": [0, 0, 16, 16], "texture": "#9"},
				"east": {"uv": [0, 0, 16, 16], "texture": "#9"},
				"south": {"uv": [0, 0, 16, 16], "texture": "#9"},
				"west": {"uv": [0, 0, 16, 16], "texture": "#9"},
				"up": {"uv": [0, 0, 16, 16], "texture": "#9"},
				"down": {"uv": [0, 0, 16, 16], "texture": "#9"}
			}
		},
		{
			"name": "Cube",
			"from": [3.44, 7.784, 1.5],
			"to": [4.16, 8.504, 5.1],
			"rotation": {"angle": 0, "axis": "y", "origin": [8, 6.83072, 2.83731]},
			"faces": {
				"north": {"uv": [0, 0, 16, 16], "texture": "#9"},
				"east": {"uv": [0, 0, 16, 16], "texture": "#9"},
				"south": {"uv": [0, 0, 16, 16], "texture": "#9"},
				"west": {"uv": [0, 0, 16, 16], "texture": "#9"},
				"up": {"uv": [0, 0, 16, 16], "texture": "#9"},
				"down": {"uv": [0, 0, 16, 16], "texture": "#9"}
			}
		},
		{
			"name": "Cube",
			"from": [11.84, 7.784, 1.5],
			"to": [12.56, 8.504, 5.1],
			"rotation": {"angle": 0, "axis": "y", "origin": [8, 6.83072, 2.83731]},
			"faces": {
				"north": {"uv": [0, 0, 16, 16], "texture": "#9"},
				"east": {"uv": [0, 0, 16, 16], "texture": "#9"},
				"south": {"uv": [0, 0, 16, 16], "texture": "#9"},
				"west": {"uv": [0, 0, 16, 16], "texture": "#9"},
				"up": {"uv": [0, 0, 16, 16], "texture": "#9"},
				"down": {"uv": [0, 0, 16, 16], "texture": "#9"}
			}
		},
		{
			"name": "Cube",
			"from": [-2.32, 4.904, 8.1],
			"to": [3.44, 6.344, 12.9],
			"rotation": {"angle": 0, "axis": "y", "origin": [8, 6.83072, 2.83731]},
			"faces": {
				"north": {"uv": [0, 0, 16, 16], "texture": "#7", "tintindex": 0},
				"east": {"uv": [0, 0, 16, 16], "texture": "#7", "tintindex": 0},
				"south": {"uv": [0, 0, 16, 16], "texture": "#7", "tintindex": 0},
				"west": {"uv": [0, 0, 16, 16], "texture": "#7", "tintindex": 0},
				"up": {"uv": [0, 0, 16, 16], "texture": "#7", "tintindex": 0},
				"down": {"uv": [0, 0, 16, 16], "texture": "#7", "tintindex": 0}
			}
		},
		{
			"name": "Cube",
			"from": [12.56, 4.904, 8.1],
			"to": [18.32, 6.344, 12.9],
			"rotation": {"angle": 0, "axis": "y", "origin": [8, 6.83072, 2.83731]},
			"faces": {
				"north": {"uv": [0, 0, 16, 16], "texture": "#7", "tintindex": 0},
				"east": {"uv": [0, 0, 16, 16], "texture": "#7", "tintindex": 0},
				"south": {"uv": [0, 0, 16, 16], "texture": "#7", "tintindex": 0},
				"west": {"uv": [0, 0, 16, 16], "texture": "#7", "tintindex": 0},
				"up": {"uv": [0, 0, 16, 16], "texture": "#7", "tintindex": 0},
				"down": {"uv": [0, 0, 16, 16], "texture": "#7", "tintindex": 0}
			}
		},
		{
			"name": "Cube",
			"from": [-3.04, 7.784, 10.5],
			"to": [-2.32, 8.504, 14.1],
			"rotation": {"angle": 0, "axis": "y", "origin": [8, 6.83072, 2.83731]},
			"faces": {
				"north": {"uv": [0, 0, 16, 16], "texture": "#9"},
				"east": {"uv": [0, 0, 16, 16], "texture": "#9"},
				"south": {"uv": [0, 0, 16, 16], "texture": "#9"},
				"west": {"uv": [0, 0, 16, 16], "texture": "#9"},
				"up": {"uv": [0, 0, 16, 16], "texture": "#9"},
				"down": {"uv": [0, 0, 16, 16], "texture": "#9"}
			}
		},
		{
			"name": "Cube",
			"from": [18.32, 7.784, 10.5],
			"to": [19.04, 8.504, 14.1],
			"rotation": {"angle": 0, "axis": "y", "origin": [8, 6.83072, 2.83731]},
			"faces": {
				"north": {"uv": [0, 0, 16, 16], "texture": "#9"},
				"east": {"uv": [0, 0, 16, 16], "texture": "#9"},
				"south": {"uv": [0, 0, 16, 16], "texture": "#9"},
				"west": {"uv": [0, 0, 16, 16], "texture": "#9"},
				"up": {"uv": [0, 0, 16, 16], "texture": "#9"},
				"down": {"uv": [0, 0, 16, 16], "texture": "#9"}
			}
		},
		{
			"name": "Cube",
			"from": [-2.32, 2.024, 8.1],
			"to": [3.44, 4.904, 12.9],
			"rotation": {"angle": 0, "axis": "y", "origin": [8, 6.83072, 2.83731]},
			"faces": {
				"north": {"uv": [0, 0, 16, 16], "texture": "#9"},
				"east": {"uv": [0, 0, 16, 16], "texture": "#9"},
				"south": {"uv": [0, 0, 16, 16], "texture": "#9"},
				"west": {"uv": [0, 0, 16, 16], "texture": "#9"},
				"up": {"uv": [0, 0, 16, 16], "texture": "#9"},
				"down": {"uv": [0, 0, 16, 16], "texture": "#9"}
			}
		},
		{
			"name": "Cube",
			"from": [12.56, 2.024, 8.1],
			"to": [18.32, 4.904, 12.9],
			"rotation": {"angle": 0, "axis": "y", "origin": [8, 6.83072, 2.83731]},
			"faces": {
				"north": {"uv": [0, 0, 16, 16], "texture": "#9"},
				"east": {"uv": [0, 0, 16, 16], "texture": "#9"},
				"south": {"uv": [0, 0, 16, 16], "texture": "#9"},
				"west": {"uv": [0, 0, 16, 16], "texture": "#9"},
				"up": {"uv": [0, 0, 16, 16], "texture": "#9"},
				"down": {"uv": [0, 0, 16, 16], "texture": "#9"}
			}
		},
		{
			"name": "Cube",
			"from": [3.44, 7.784, 10.5],
			"to": [4.16, 8.504, 14.1],
			"rotation": {"angle": 0, "axis": "y", "origin": [8, 6.83072, 2.83731]},
			"faces": {
				"north": {"uv": [0, 0, 16, 16], "texture": "#9"},
				"east": {"uv": [0, 0, 16, 16], "texture": "#9"},
				"south": {"uv": [0, 0, 16, 16], "texture": "#9"},
				"west": {"uv": [0, 0, 16, 16], "texture": "#9"},
				"up": {"uv": [0, 0, 16, 16], "texture": "#9"},
				"down": {"uv": [0, 0, 16, 16], "texture": "#9"}
			}
		},
		{
			"name": "Cube",
			"from": [11.84, 7.784, 10.5],
			"to": [12.56, 8.504, 14.1],
			"rotation": {"angle": 0, "axis": "y", "origin": [8, 6.83072, 2.83731]},
			"faces": {
				"north": {"uv": [0, 0, 16, 16], "texture": "#9"},
				"east": {"uv": [0, 0, 16, 16], "texture": "#9"},
				"south": {"uv": [0, 0, 16, 16], "texture": "#9"},
				"west": {"uv": [0, 0, 16, 16], "texture": "#9"},
				"up": {"uv": [0, 0, 16, 16], "texture": "#9"},
				"down": {"uv": [0, 0, 16, 16], "texture": "#9"}
			}
		},
		{
			"name": "Base",
			"from": [15, 0.0512, 29.6],
			"to": [17, 2.0512, 31.88],
			"rotation": {"angle": 0, "axis": "y", "origin": [6.08352, 7.6912, 3.2]},
			"faces": {
				"north": {"uv": [16, 0, 0, 16], "texture": "#0"},
				"east": {"uv": [16, 0, 0, 16], "texture": "#0"},
				"south": {"uv": [16, 0, 0, 16], "texture": "#0"},
				"west": {"uv": [16, 0, 0, 16], "texture": "#0"},
				"up": {"uv": [0, 16, 16, 0], "texture": "#0"},
				"down": {"uv": [0, 16, 16, 0], "texture": "#0"}
			}
		},
		{
			"name": "Base",
			"from": [14, -0.9856, 31.76],
			"to": [18, 3.0144, 32],
			"rotation": {"angle": 0, "axis": "y", "origin": [6.7424, 7.6912, 3.2]},
			"faces": {
				"north": {"uv": [16, 0, 0, 16], "texture": "#0"},
				"east": {"uv": [16, 0, 0, 16], "texture": "#0"},
				"south": {"uv": [16, 0, 0, 16], "texture": "#0"},
				"west": {"uv": [16, 0, 0, 16], "texture": "#0"},
				"up": {"uv": [0, 16, 16, 0], "texture": "#0"},
				"down": {"uv": [0, 16, 16, 0], "texture": "#0"}
			}
		},
		{
			"name": "Base",
			"from": [-1, 0.0512, 29.6],
			"to": [1, 2.0512, 31.88],
			"rotation": {"angle": 0, "axis": "y", "origin": [9.91648, 7.6912, 3.2]},
			"faces": {
				"north": {"uv": [16, 0, 0, 16], "texture": "#0"},
				"east": {"uv": [16, 0, 0, 16], "texture": "#0"},
				"south": {"uv": [16, 0, 0, 16], "texture": "#0"},
				"west": {"uv": [16, 0, 0, 16], "texture": "#0"},
				"up": {"uv": [0, 16, 16, 0], "texture": "#0"},
				"down": {"uv": [0, 16, 16, 0], "texture": "#0"}
			}
		},
		{
			"name": "Base",
			"from": [-2, -0.9856, 31.76],
			"to": [2, 3.0144, 32],
			"rotation": {"angle": 0, "axis": "y", "origin": [9.2576, 7.6912, 3.2]},
			"faces": {
				"north": {"uv": [16, 0, 0, 16], "texture": "#0"},
				"east": {"uv": [16, 0, 0, 16], "texture": "#0"},
				"south": {"uv": [16, 0, 0, 16], "texture": "#0"},
				"west": {"uv": [16, 0, 0, 16], "texture": "#0"},
				"up": {"uv": [0, 16, 16, 0], "texture": "#0"},
				"down": {"uv": [0, 16, 16, 0], "texture": "#0"}
			}
		}
	],
	"display": {
		"head": {
			"translation": [0, -10, 80],
			"scale": [4, 4, 4]
		}
	},
	"groups": [0, 1, 2, 3, 4, 5, 6, 7, 8,
		{
			"name": "BaseColor",
			"origin": [13.45, 14.876, 18.7],
			"children": [9, 10, 11, 12, 13, 14, 15, 16, 17, 18, 19, 20, 21, 22, 23, 24, 25, 26, 27, 28, 29, 30, 31, 32, 33, 34, 35, 36, 37, 38, 39, 40, 41, 42, 43, 44, 45, 46, 47, 48, 49, 50, 51, 52, 53, 54, 55, 56, 57, 58, 59, 60, 61, 62, 63, 64, 65, 66, 67, 68, 69, 70, 71, 72, 73, 74, 75, 76]
		},
		{
			"name": "Chair",
			"origin": [4, 5, 8],
			"children": [77, 78, 79, 80, 81, 82, 83, 84, 85, 86, 87, 88, 89, 90]
		},
		{
			"name": "DetailColor",
			"origin": [8, 5.376, 38.7],
			"children": [91, 92, 93, 94, 95, 96, 97, 98, 99, 100, 101, 102, 103, 104]
		},
		{
			"name": "Base",
			"origin": [8, 7.376, 18.8],
			"children": [105, 106, 107, 108, 109, 110, 111, 112, 113, 114, 115, 116, 117, 118, 119, 120, 121, 122, 123, 124, 125, 126, 127, 128, 129]
		},
		{
			"name": "Chair",
			"origin": [4, 5, 8],
			"children": [130, 131, 132, 133, 134, 135, 136, 137]
		},
		{
			"name": "Chair",
			"origin": [4, 5, 8],
			"children": [138, 139, 140, 141, 142, 143, 144, 145]
		},
		{
			"name": "buffer",
			"origin": [8, 8, 8],
			"children": [
				{
					"name": "BaseColor",
					"origin": [13.45, 14.876, 18.7],
					"children": []
				},
				{
					"name": "DetailColor",
					"origin": [8, 5.376, 38.7],
					"children": []
				},
				{
					"name": "Base",
					"origin": [8, 7.376, 18.8],
					"children": [
						{
							"name": "group",
							"origin": [9.2576, 9.6912, 12.8],
							"children": [146, 147, 148, 149]
						}
					]
				}
			]
		}
	]
}