{
	"credit": "Made with Blockbench",
	"textures": {
		"0": "block/anvil",
		"1": "block/iron_block",
		"2": "block/quartz_block_top",
		"particle": "block/quartz_block_top"
	},
	"elements": [
		{
			"name": "Cube",
			"from": [-3.31987, -0.76256, 28],
			"to": [19.31987, 1.75104, 29.7],
			"rotation": {"angle": 0, "axis": "y", "origin": [5.69053, 6.4512, 5.2]},
			"faces": {
				"north": {"uv": [15, 1, 1, 15], "texture": "#0"},
				"east": {"uv": [15, 1, 1, 15], "texture": "#0"},
				"south": {"uv": [15, 1, 1, 15], "texture": "#0"},
				"west": {"uv": [15, 1, 1, 15], "texture": "#0"},
				"up": {"uv": [1, 15, 15, 1], "texture": "#0"},
				"down": {"uv": [1, 15, 15, 1], "texture": "#0"}
			}
		},
		{
			"name": "Cube",
			"from": [2.18013, -0.76256, -12],
			"to": [13.81987, 1.75104, 28.4],
			"rotation": {"angle": 0, "axis": "y", "origin": [5.69053, 6.4512, 5.2]},
			"faces": {
				"north": {"uv": [15, 1, 1, 15], "texture": "#0"},
				"east": {"uv": [15, 1, 1, 15], "texture": "#0"},
				"south": {"uv": [15, 1, 1, 15], "texture": "#0"},
				"west": {"uv": [15, 1, 1, 15], "texture": "#0"},
				"up": {"uv": [1, 15, 15, 1], "texture": "#0"},
				"down": {"uv": [1, 15, 15, 1], "texture": "#0"}
			}
		},
		{
			"name": "Cube",
			"from": [-3.81987, 1.63744, -12],
			"to": [19.81987, 3.05104, 28.4],
			"rotation": {"angle": 0, "axis": "y", "origin": [5.69053, 9.4512, 5.2]},
			"faces": {
				"north": {"uv": [15, 1, 1, 15], "texture": "#0"},
				"east": {"uv": [15, 1, 1, 15], "texture": "#0"},
				"south": {"uv": [15, 1, 1, 15], "texture": "#0"},
				"west": {"uv": [15, 1, 1, 15], "texture": "#0"},
				"up": {"uv": [1, 15, 15, 1], "texture": "#0"},
				"down": {"uv": [1, 15, 15, 1], "texture": "#0"}
			}
		},
		{
			"name": "Cube",
			"from": [19.78013, 1.63744, -12],
			"to": [20.01987, 2.25104, 28.4],
			"rotation": {"angle": 0, "axis": "y", "origin": [5.89053, 9.4512, 5.2]},
			"faces": {
				"north": {"uv": [15, 1, 1, 15], "texture": "#0"},
				"east": {"uv": [15, 1, 1, 15], "texture": "#0"},
				"south": {"uv": [15, 1, 1, 15], "texture": "#0"},
				"west": {"uv": [15, 1, 1, 15], "texture": "#0"},
				"up": {"uv": [1, 15, 15, 1], "texture": "#0"},
				"down": {"uv": [1, 15, 15, 1], "texture": "#0"}
			}
		},
		{
			"name": "Cube",
			"from": [19.18013, -3.06256, -12],
			"to": [19.81987, 1.65104, 1.4],
			"rotation": {"angle": 0, "axis": "y", "origin": [5.69053, 7.0512, 5.2]},
			"faces": {
				"north": {"uv": [15, 1, 1, 15], "texture": "#0"},
				"east": {"uv": [15, 1, 1, 15], "texture": "#0"},
				"south": {"uv": [15, 1, 1, 15], "texture": "#0"},
				"west": {"uv": [15, 1, 1, 15], "texture": "#0"},
				"up": {"uv": [1, 15, 15, 1], "texture": "#0"},
				"down": {"uv": [1, 15, 15, 1], "texture": "#0"}
			}
		},
		{
			"name": "Cube",
			"from": [-3.81987, -3.06256, -12],
			"to": [-3.18013, 1.65104, 1.4],
			"rotation": {"angle": 0, "axis": "y", "origin": [10.30947, 7.0512, 5.2]},
			"faces": {
				"north": {"uv": [1, 1, 15, 15], "texture": "#0"},
				"east": {"uv": [1, 1, 15, 15], "texture": "#0"},
				"south": {"uv": [1, 1, 15, 15], "texture": "#0"},
				"west": {"uv": [1, 1, 15, 15], "texture": "#0"},
				"up": {"uv": [15, 15, 1, 1], "texture": "#0"},
				"down": {"uv": [15, 15, 1, 1], "texture": "#0"}
			}
		},
		{
			"name": "Cube",
			"from": [19.38013, -3.06256, -12],
			"to": [20.01987, -2.44896, 1.4],
			"rotation": {"angle": 0, "axis": "y", "origin": [5.89053, 7.0512, 5.2]},
			"faces": {
				"north": {"uv": [15, 1, 1, 15], "texture": "#0"},
				"east": {"uv": [15, 1, 1, 15], "texture": "#0"},
				"south": {"uv": [15, 1, 1, 15], "texture": "#0"},
				"west": {"uv": [15, 1, 1, 15], "texture": "#0"},
				"up": {"uv": [1, 15, 15, 1], "texture": "#0"},
				"down": {"uv": [1, 15, 15, 1], "texture": "#0"}
			}
		},
		{
			"name": "Cube",
			"from": [-4.01987, -3.06256, -12],
			"to": [-3.38013, -2.44896, 1.4],
			"rotation": {"angle": 0, "axis": "y", "origin": [10.10947, 7.0512, 5.2]},
			"faces": {
				"north": {"uv": [1, 1, 15, 15], "texture": "#0"},
				"east": {"uv": [1, 1, 15, 15], "texture": "#0"},
				"south": {"uv": [1, 1, 15, 15], "texture": "#0"},
				"west": {"uv": [1, 1, 15, 15], "texture": "#0"},
				"up": {"uv": [15, 15, 1, 1], "texture": "#0"},
				"down": {"uv": [15, 15, 1, 1], "texture": "#0"}
			}
		},
		{
			"name": "Cube",
			"from": [19.38013, -2.46256, 1.1],
			"to": [20.01987, 1.85104, 1.5],
			"rotation": {"angle": 0, "axis": "y", "origin": [5.89053, 9.6512, 12.3]},
			"faces": {
				"north": {"uv": [15, 1, 1, 15], "texture": "#0"},
				"east": {"uv": [15, 1, 1, 15], "texture": "#0"},
				"south": {"uv": [15, 1, 1, 15], "texture": "#0"},
				"west": {"uv": [15, 1, 1, 15], "texture": "#0"},
				"up": {"uv": [1, 15, 15, 1], "texture": "#0"},
				"down": {"uv": [1, 15, 15, 1], "texture": "#0"}
			}
		},
		{
			"name": "Cube",
			"from": [-4.01987, -2.46256, 1.1],
			"to": [-3.38013, 1.85104, 1.5],
			"rotation": {"angle": 0, "axis": "y", "origin": [10.10947, 9.6512, 12.3]},
			"faces": {
				"north": {"uv": [1, 1, 15, 15], "texture": "#0"},
				"east": {"uv": [1, 1, 15, 15], "texture": "#0"},
				"south": {"uv": [1, 1, 15, 15], "texture": "#0"},
				"west": {"uv": [1, 1, 15, 15], "texture": "#0"},
				"up": {"uv": [15, 15, 1, 1], "texture": "#0"},
				"down": {"uv": [15, 15, 1, 1], "texture": "#0"}
			}
		},
		{
			"name": "Cube",
			"from": [19.38013, -2.46256, -6.9],
			"to": [20.01987, 1.85104, -6.5],
			"rotation": {"angle": 0, "axis": "y", "origin": [5.89053, 9.6512, 4.3]},
			"faces": {
				"north": {"uv": [15, 1, 1, 15], "texture": "#0"},
				"east": {"uv": [15, 1, 1, 15], "texture": "#0"},
				"south": {"uv": [15, 1, 1, 15], "texture": "#0"},
				"west": {"uv": [15, 1, 1, 15], "texture": "#0"},
				"up": {"uv": [1, 15, 15, 1], "texture": "#0"},
				"down": {"uv": [1, 15, 15, 1], "texture": "#0"}
			}
		},
		{
			"name": "Cube",
			"from": [-4.01987, -2.46256, -6.9],
			"to": [-3.38013, 1.85104, -6.5],
			"rotation": {"angle": 0, "axis": "y", "origin": [10.10947, 9.6512, 4.3]},
			"faces": {
				"north": {"uv": [1, 1, 15, 15], "texture": "#0"},
				"east": {"uv": [1, 1, 15, 15], "texture": "#0"},
				"south": {"uv": [1, 1, 15, 15], "texture": "#0"},
				"west": {"uv": [1, 1, 15, 15], "texture": "#0"},
				"up": {"uv": [15, 15, 1, 1], "texture": "#0"},
				"down": {"uv": [15, 15, 1, 1], "texture": "#0"}
			}
		},
		{
			"name": "Cube",
			"from": [19.38013, 1.03744, 4.9],
			"to": [20.01987, 1.65104, 5.4],
			"rotation": {"angle": 0, "axis": "y", "origin": [5.89053, 9.6512, 16.2]},
			"faces": {
				"north": {"uv": [15, 1, 1, 15], "texture": "#0"},
				"east": {"uv": [15, 1, 1, 15], "texture": "#0"},
				"south": {"uv": [15, 1, 1, 15], "texture": "#0"},
				"west": {"uv": [15, 1, 1, 15], "texture": "#0"},
				"up": {"uv": [1, 15, 15, 1], "texture": "#0"},
				"down": {"uv": [1, 15, 15, 1], "texture": "#0"}
			}
		},
		{
			"name": "Cube",
			"from": [-4.01987, 1.03744, 4.9],
			"to": [-3.38013, 1.65104, 5.4],
			"rotation": {"angle": 0, "axis": "y", "origin": [10.10947, 9.6512, 16.2]},
			"faces": {
				"north": {"uv": [1, 1, 15, 15], "texture": "#0"},
				"east": {"uv": [1, 1, 15, 15], "texture": "#0"},
				"south": {"uv": [1, 1, 15, 15], "texture": "#0"},
				"west": {"uv": [1, 1, 15, 15], "texture": "#0"},
				"up": {"uv": [15, 15, 1, 1], "texture": "#0"},
				"down": {"uv": [15, 15, 1, 1], "texture": "#0"}
			}
		},
		{
			"name": "Cube",
			"from": [19.18013, -1.06256, -0.9],
			"to": [19.71987, 2.25104, 4],
			"rotation": {"angle": -45, "axis": "x", "origin": [19.5, 0.69424, 2.6]},
			"faces": {
				"north": {"uv": [15, 1, 1, 15], "texture": "#0"},
				"east": {"uv": [15, 1, 1, 15], "texture": "#0"},
				"south": {"uv": [15, 1, 1, 15], "texture": "#0"},
				"west": {"uv": [15, 1, 1, 15], "texture": "#0"},
				"up": {"uv": [1, 15, 15, 1], "texture": "#0"},
				"down": {"uv": [1, 15, 15, 1], "texture": "#0"}
			}
		},
		{
			"name": "Cube",
			"from": [-3.71987, -1.06256, -0.9],
			"to": [-3.18013, 2.25104, 4],
			"rotation": {"angle": -45, "axis": "x", "origin": [-3.5, 0.69424, 2.6]},
			"faces": {
				"north": {"uv": [1, 1, 15, 15], "texture": "#0"},
				"east": {"uv": [1, 1, 15, 15], "texture": "#0"},
				"south": {"uv": [1, 1, 15, 15], "texture": "#0"},
				"west": {"uv": [1, 1, 15, 15], "texture": "#0"},
				"up": {"uv": [15, 15, 1, 1], "texture": "#0"},
				"down": {"uv": [15, 15, 1, 1], "texture": "#0"}
			}
		},
		{
			"name": "Cube",
			"from": [19.18013, -0.76256, 3.6],
			"to": [19.71987, 1.15104, 5],
			"rotation": {"angle": -45, "axis": "x", "origin": [19.5, 0.69424, 2.6]},
			"faces": {
				"north": {"uv": [15, 1, 1, 15], "texture": "#0"},
				"east": {"uv": [15, 1, 1, 15], "texture": "#0"},
				"south": {"uv": [15, 1, 1, 15], "texture": "#0"},
				"west": {"uv": [15, 1, 1, 15], "texture": "#0"},
				"up": {"uv": [1, 15, 15, 1], "texture": "#0"},
				"down": {"uv": [1, 15, 15, 1], "texture": "#0"}
			}
		},
		{
			"name": "Cube",
			"from": [-3.71987, -0.76256, 3.6],
			"to": [-3.18013, 1.15104, 5],
			"rotation": {"angle": -45, "axis": "x", "origin": [-3.5, 0.69424, 2.6]},
			"faces": {
				"north": {"uv": [1, 1, 15, 15], "texture": "#0"},
				"east": {"uv": [1, 1, 15, 15], "texture": "#0"},
				"south": {"uv": [1, 1, 15, 15], "texture": "#0"},
				"west": {"uv": [1, 1, 15, 15], "texture": "#0"},
				"up": {"uv": [15, 15, 1, 1], "texture": "#0"},
				"down": {"uv": [15, 15, 1, 1], "texture": "#0"}
			}
		},
		{
			"name": "Cube",
			"from": [19.48013, -1.06256, -0.9],
			"to": [20.01987, -0.64896, 4.9],
			"rotation": {"angle": -45, "axis": "x", "origin": [19.8, 0.69424, 2.6]},
			"faces": {
				"north": {"uv": [15, 1, 1, 15], "texture": "#0"},
				"east": {"uv": [15, 1, 1, 15], "texture": "#0"},
				"south": {"uv": [15, 1, 1, 15], "texture": "#0"},
				"west": {"uv": [15, 1, 1, 15], "texture": "#0"},
				"up": {"uv": [1, 15, 15, 1], "texture": "#0"},
				"down": {"uv": [1, 15, 15, 1], "texture": "#0"}
			}
		},
		{
			"name": "Cube",
			"from": [-4.01987, -1.06256, -0.9],
			"to": [-3.48013, -0.64896, 4.9],
			"rotation": {"angle": -45, "axis": "x", "origin": [-3.8, 0.69424, 2.6]},
			"faces": {
				"north": {"uv": [1, 1, 15, 15], "texture": "#0"},
				"east": {"uv": [1, 1, 15, 15], "texture": "#0"},
				"south": {"uv": [1, 1, 15, 15], "texture": "#0"},
				"west": {"uv": [1, 1, 15, 15], "texture": "#0"},
				"up": {"uv": [15, 15, 1, 1], "texture": "#0"},
				"down": {"uv": [15, 15, 1, 1], "texture": "#0"}
			}
		},
		{
			"name": "Base",
			"from": [9.3248, -1.3488, 30.6],
			"to": [10.9952, 1.8048, 32],
			"rotation": {"angle": 0, "axis": "y", "origin": [-2.47168, 6.2912, 3.2]},
			"faces": {
				"north": {"uv": [16, 0, 0, 16], "texture": "#0"},
				"east": {"uv": [16, 0, 0, 16], "texture": "#0"},
				"south": {"uv": [16, 0, 0, 16], "texture": "#0"},
				"west": {"uv": [16, 0, 0, 16], "texture": "#0"},
				"up": {"uv": [0, 16, 16, 0], "texture": "#0"},
				"down": {"uv": [0, 16, 16, 0], "texture": "#0"}
			}
		},
		{
			"name": "Base",
			"from": [5.0048, -1.3488, 30.6],
			"to": [6.6752, 1.8048, 32],
			"rotation": {"angle": 0, "axis": "y", "origin": [-6.79168, 6.2912, 3.2]},
			"faces": {
				"north": {"uv": [16, 0, 0, 16], "texture": "#0"},
				"east": {"uv": [16, 0, 0, 16], "texture": "#0"},
				"south": {"uv": [16, 0, 0, 16], "texture": "#0"},
				"west": {"uv": [16, 0, 0, 16], "texture": "#0"},
				"up": {"uv": [0, 16, 16, 0], "texture": "#0"},
				"down": {"uv": [0, 16, 16, 0], "texture": "#0"}
			}
		},
		{
			"name": "Base",
			"from": [6.4448, -1.3488, 28.6],
			"to": [9.5552, 1.8048, 31.6],
			"rotation": {"angle": 0, "axis": "y", "origin": [-3.91168, 6.2912, 3.2]},
			"faces": {
				"north": {"uv": [16, 0, 0, 16], "texture": "#0"},
				"east": {"uv": [16, 0, 0, 16], "texture": "#0"},
				"south": {"uv": [16, 0, 0, 16], "texture": "#0"},
				"west": {"uv": [16, 0, 0, 16], "texture": "#0"},
				"up": {"uv": [0, 16, 16, 0], "texture": "#0"},
				"down": {"uv": [0, 16, 16, 0], "texture": "#0"}
			}
		},
		{
			"name": "Base",
			"from": [15, 0.0512, 29.6],
			"to": [17, 2.0512, 31.88],
			"rotation": {"angle": 0, "axis": "y", "origin": [6.08352, 7.6912, 3.2]},
			"faces": {
				"north": {"uv": [16, 0, 0, 16], "texture": "#0"},
				"east": {"uv": [16, 0, 0, 16], "texture": "#0"},
				"south": {"uv": [16, 0, 0, 16], "texture": "#0"},
				"west": {"uv": [16, 0, 0, 16], "texture": "#0"},
				"up": {"uv": [0, 16, 16, 0], "texture": "#0"},
				"down": {"uv": [0, 16, 16, 0], "texture": "#0"}
			}
		},
		{
			"name": "Base",
			"from": [14, -0.9856, 31.76],
			"to": [18, 3.0144, 32],
			"rotation": {"angle": 0, "axis": "y", "origin": [6.7424, 7.6912, 3.2]},
			"faces": {
				"north": {"uv": [16, 0, 0, 16], "texture": "#0"},
				"east": {"uv": [16, 0, 0, 16], "texture": "#0"},
				"south": {"uv": [16, 0, 0, 16], "texture": "#0"},
				"west": {"uv": [16, 0, 0, 16], "texture": "#0"},
				"up": {"uv": [0, 16, 16, 0], "texture": "#0"},
				"down": {"uv": [0, 16, 16, 0], "texture": "#0"}
			}
		},
		{
			"name": "Base",
			"from": [-1, 0.0512, 29.6],
			"to": [1, 2.0512, 31.88],
			"rotation": {"angle": 0, "axis": "y", "origin": [9.91648, 7.6912, 3.2]},
			"faces": {
				"north": {"uv": [16, 0, 0, 16], "texture": "#0"},
				"east": {"uv": [16, 0, 0, 16], "texture": "#0"},
				"south": {"uv": [16, 0, 0, 16], "texture": "#0"},
				"west": {"uv": [16, 0, 0, 16], "texture": "#0"},
				"up": {"uv": [0, 16, 16, 0], "texture": "#0"},
				"down": {"uv": [0, 16, 16, 0], "texture": "#0"}
			}
		},
		{
			"name": "Base",
			"from": [-2, -0.9856, 31.76],
			"to": [2, 3.0144, 32],
			"rotation": {"angle": 0, "axis": "y", "origin": [9.2576, 7.6912, 3.2]},
			"faces": {
				"north": {"uv": [16, 0, 0, 16], "texture": "#0"},
				"east": {"uv": [16, 0, 0, 16], "texture": "#0"},
				"south": {"uv": [16, 0, 0, 16], "texture": "#0"},
				"west": {"uv": [16, 0, 0, 16], "texture": "#0"},
				"up": {"uv": [0, 16, 16, 0], "texture": "#0"},
				"down": {"uv": [0, 16, 16, 0], "texture": "#0"}
			}
		},
		{
			"name": "Cube",
			"from": [17.10584, 3.35104, 20],
			"to": [17.99684, 23.33344, 28.1],
			"rotation": {"angle": 0, "axis": "y", "origin": [6.87288, 20.7512, 0.2]},
			"faces": {
				"north": {"uv": [15, 1, 1, 15], "texture": "#1", "tintindex": 0},
				"east": {"uv": [1, 15, 15, 1], "rotation": 90, "texture": "#1", "tintindex": 0},
				"south": {"uv": [15, 1, 1, 15], "texture": "#1", "tintindex": 0},
				"west": {"uv": [15, 1, 1, 15], "texture": "#1", "tintindex": 0},
				"up": {"uv": [1, 15, 15, 1], "texture": "#1", "tintindex": 0},
				"down": {"uv": [1, 15, 15, 1], "texture": "#1", "tintindex": 0}
			}
		},
		{
			"name": "Cube",
			"from": [18.00584, 3.35104, 26.2],
			"to": [18.09684, 23.33344, 27.5],
			"rotation": {"angle": 0, "axis": "y", "origin": [6.97288, 20.7512, 6.4]},
			"faces": {
				"north": {"uv": [15, 1, 1, 15], "texture": "#1", "tintindex": 0},
				"east": {"uv": [1, 15, 15, 1], "rotation": 90, "texture": "#1", "tintindex": 0},
				"south": {"uv": [15, 1, 1, 15], "texture": "#1", "tintindex": 0},
				"west": {"uv": [15, 1, 1, 15], "texture": "#1", "tintindex": 0},
				"up": {"uv": [1, 15, 15, 1], "texture": "#1", "tintindex": 0},
				"down": {"uv": [1, 15, 15, 1], "texture": "#1", "tintindex": 0}
			}
		},
		{
			"name": "Cube",
			"from": [18.00584, 3.35104, 24.1],
			"to": [18.09684, 23.33344, 25.4],
			"rotation": {"angle": 0, "axis": "y", "origin": [6.97288, 20.7512, 4.3]},
			"faces": {
				"north": {"uv": [15, 1, 1, 15], "texture": "#1", "tintindex": 0},
				"east": {"uv": [1, 15, 15, 1], "rotation": 90, "texture": "#1", "tintindex": 0},
				"south": {"uv": [15, 1, 1, 15], "texture": "#1", "tintindex": 0},
				"west": {"uv": [15, 1, 1, 15], "texture": "#1", "tintindex": 0},
				"up": {"uv": [1, 15, 15, 1], "texture": "#1", "tintindex": 0},
				"down": {"uv": [1, 15, 15, 1], "texture": "#1", "tintindex": 0}
			}
		},
		{
			"name": "Cube",
			"from": [18.00584, 3.35104, 22.1],
			"to": [18.09684, 23.33344, 23.4],
			"rotation": {"angle": 0, "axis": "y", "origin": [6.97288, 20.7512, 2.3]},
			"faces": {
				"north": {"uv": [15, 1, 1, 15], "texture": "#1", "tintindex": 0},
				"east": {"uv": [1, 15, 15, 1], "rotation": 90, "texture": "#1", "tintindex": 0},
				"south": {"uv": [15, 1, 1, 15], "texture": "#1", "tintindex": 0},
				"west": {"uv": [15, 1, 1, 15], "texture": "#1", "tintindex": 0},
				"up": {"uv": [1, 15, 15, 1], "texture": "#1", "tintindex": 0},
				"down": {"uv": [1, 15, 15, 1], "texture": "#1", "tintindex": 0}
			}
		},
		{
			"name": "Cube",
			"from": [18.00584, 3.35104, 20],
			"to": [18.09684, 23.33344, 21.3],
			"rotation": {"angle": 0, "axis": "y", "origin": [6.97288, 20.7512, 0.2]},
			"faces": {
				"north": {"uv": [15, 1, 1, 15], "texture": "#1", "tintindex": 0},
				"east": {"uv": [1, 15, 15, 1], "rotation": 90, "texture": "#1", "tintindex": 0},
				"south": {"uv": [15, 1, 1, 15], "texture": "#1", "tintindex": 0},
				"west": {"uv": [15, 1, 1, 15], "texture": "#1", "tintindex": 0},
				"up": {"uv": [1, 15, 15, 1], "texture": "#1", "tintindex": 0},
				"down": {"uv": [1, 15, 15, 1], "texture": "#1", "tintindex": 0}
			}
		},
		{
			"name": "Cube",
			"from": [18.00584, 3.35104, 18.2],
			"to": [18.09684, 23.33344, 19.5],
			"rotation": {"angle": 0, "axis": "y", "origin": [6.97288, 20.7512, -1.6]},
			"faces": {
				"north": {"uv": [15, 1, 1, 15], "texture": "#1", "tintindex": 0},
				"east": {"uv": [1, 15, 15, 1], "rotation": 90, "texture": "#1", "tintindex": 0},
				"south": {"uv": [15, 1, 1, 15], "texture": "#1", "tintindex": 0},
				"west": {"uv": [15, 1, 1, 15], "texture": "#1", "tintindex": 0},
				"up": {"uv": [1, 15, 15, 1], "texture": "#1", "tintindex": 0},
				"down": {"uv": [1, 15, 15, 1], "texture": "#1", "tintindex": 0}
			}
		},
		{
			"name": "Cube",
			"from": [18.00584, 3.35104, 16.1],
			"to": [18.09684, 23.33344, 17.4],
			"rotation": {"angle": 0, "axis": "y", "origin": [6.97288, 20.7512, -3.7]},
			"faces": {
				"north": {"uv": [15, 1, 1, 15], "texture": "#1", "tintindex": 0},
				"east": {"uv": [1, 15, 15, 1], "rotation": 90, "texture": "#1", "tintindex": 0},
				"south": {"uv": [15, 1, 1, 15], "texture": "#1", "tintindex": 0},
				"west": {"uv": [15, 1, 1, 15], "texture": "#1", "tintindex": 0},
				"up": {"uv": [1, 15, 15, 1], "texture": "#1", "tintindex": 0},
				"down": {"uv": [1, 15, 15, 1], "texture": "#1", "tintindex": 0}
			}
		},
		{
			"name": "Cube",
			"from": [18.00584, 3.35104, 14.1],
			"to": [18.09684, 23.33344, 15.4],
			"rotation": {"angle": 0, "axis": "y", "origin": [6.97288, 20.7512, -5.7]},
			"faces": {
				"north": {"uv": [15, 1, 1, 15], "texture": "#1", "tintindex": 0},
				"east": {"uv": [1, 15, 15, 1], "rotation": 90, "texture": "#1", "tintindex": 0},
				"south": {"uv": [15, 1, 1, 15], "texture": "#1", "tintindex": 0},
				"west": {"uv": [15, 1, 1, 15], "texture": "#1", "tintindex": 0},
				"up": {"uv": [1, 15, 15, 1], "texture": "#1", "tintindex": 0},
				"down": {"uv": [1, 15, 15, 1], "texture": "#1", "tintindex": 0}
			}
		},
		{
			"name": "Cube",
			"from": [18.00584, 3.35104, 12],
			"to": [18.09684, 23.33344, 13.3],
			"rotation": {"angle": 0, "axis": "y", "origin": [6.97288, 20.7512, -7.8]},
			"faces": {
				"north": {"uv": [15, 1, 1, 15], "texture": "#1", "tintindex": 0},
				"east": {"uv": [1, 15, 15, 1], "rotation": 90, "texture": "#1", "tintindex": 0},
				"south": {"uv": [15, 1, 1, 15], "texture": "#1", "tintindex": 0},
				"west": {"uv": [15, 1, 1, 15], "texture": "#1", "tintindex": 0},
				"up": {"uv": [1, 15, 15, 1], "texture": "#1", "tintindex": 0},
				"down": {"uv": [1, 15, 15, 1], "texture": "#1", "tintindex": 0}
			}
		},
		{
			"name": "Cube",
			"from": [17.10584, 3.35104, 12],
			"to": [17.99684, 23.33344, 20.1],
			"rotation": {"angle": 0, "axis": "y", "origin": [6.87288, 20.7512, -7.8]},
			"faces": {
				"north": {"uv": [15, 1, 1, 15], "texture": "#1", "tintindex": 0},
				"east": {"uv": [1, 15, 15, 1], "rotation": 90, "texture": "#1", "tintindex": 0},
				"south": {"uv": [15, 1, 1, 15], "texture": "#1", "tintindex": 0},
				"west": {"uv": [15, 1, 1, 15], "texture": "#1", "tintindex": 0},
				"up": {"uv": [1, 15, 15, 1], "texture": "#1", "tintindex": 0},
				"down": {"uv": [1, 15, 15, 1], "texture": "#1", "tintindex": 0}
			}
		},
		{
			"name": "Cube",
			"from": [17.10584, 3.35104, 4],
			"to": [17.99684, 23.33344, 12.1],
			"rotation": {"angle": 0, "axis": "y", "origin": [6.87288, 20.7512, -15.8]},
			"faces": {
				"north": {"uv": [15, 1, 1, 15], "texture": "#1", "tintindex": 0},
				"east": {"uv": [1, 15, 15, 1], "rotation": 90, "texture": "#1", "tintindex": 0},
				"south": {"uv": [15, 1, 1, 15], "texture": "#1", "tintindex": 0},
				"west": {"uv": [15, 1, 1, 15], "texture": "#1", "tintindex": 0},
				"up": {"uv": [1, 15, 15, 1], "texture": "#1", "tintindex": 0},
				"down": {"uv": [1, 15, 15, 1], "texture": "#1", "tintindex": 0}
			}
		},
		{
			"name": "Cube",
			"from": [18.00584, 3.35104, 10.2],
			"to": [18.09684, 23.33344, 11.5],
			"rotation": {"angle": 0, "axis": "y", "origin": [6.97288, 20.7512, -9.6]},
			"faces": {
				"north": {"uv": [15, 1, 1, 15], "texture": "#1", "tintindex": 0},
				"east": {"uv": [1, 15, 15, 1], "rotation": 90, "texture": "#1", "tintindex": 0},
				"south": {"uv": [15, 1, 1, 15], "texture": "#1", "tintindex": 0},
				"west": {"uv": [15, 1, 1, 15], "texture": "#1", "tintindex": 0},
				"up": {"uv": [1, 15, 15, 1], "texture": "#1", "tintindex": 0},
				"down": {"uv": [1, 15, 15, 1], "texture": "#1", "tintindex": 0}
			}
		},
		{
			"name": "Cube",
			"from": [18.00584, 3.35104, 8.1],
			"to": [18.09684, 23.33344, 9.4],
			"rotation": {"angle": 0, "axis": "y", "origin": [6.97288, 20.7512, -11.7]},
			"faces": {
				"north": {"uv": [15, 1, 1, 15], "texture": "#1", "tintindex": 0},
				"east": {"uv": [1, 15, 15, 1], "rotation": 90, "texture": "#1", "tintindex": 0},
				"south": {"uv": [15, 1, 1, 15], "texture": "#1", "tintindex": 0},
				"west": {"uv": [15, 1, 1, 15], "texture": "#1", "tintindex": 0},
				"up": {"uv": [1, 15, 15, 1], "texture": "#1", "tintindex": 0},
				"down": {"uv": [1, 15, 15, 1], "texture": "#1", "tintindex": 0}
			}
		},
		{
			"name": "Cube",
			"from": [18.00584, 3.35104, 6.1],
			"to": [18.09684, 23.33344, 7.4],
			"rotation": {"angle": 0, "axis": "y", "origin": [6.97288, 20.7512, -13.7]},
			"faces": {
				"north": {"uv": [15, 1, 1, 15], "texture": "#1", "tintindex": 0},
				"east": {"uv": [1, 15, 15, 1], "rotation": 90, "texture": "#1", "tintindex": 0},
				"south": {"uv": [15, 1, 1, 15], "texture": "#1", "tintindex": 0},
				"west": {"uv": [15, 1, 1, 15], "texture": "#1", "tintindex": 0},
				"up": {"uv": [1, 15, 15, 1], "texture": "#1", "tintindex": 0},
				"down": {"uv": [1, 15, 15, 1], "texture": "#1", "tintindex": 0}
			}
		},
		{
			"name": "Cube",
			"from": [18.00584, 3.35104, 4],
			"to": [18.09684, 23.33344, 5.3],
			"rotation": {"angle": 0, "axis": "y", "origin": [6.97288, 20.7512, -15.8]},
			"faces": {
				"north": {"uv": [15, 1, 1, 15], "texture": "#1", "tintindex": 0},
				"east": {"uv": [1, 15, 15, 1], "rotation": 90, "texture": "#1", "tintindex": 0},
				"south": {"uv": [15, 1, 1, 15], "texture": "#1", "tintindex": 0},
				"west": {"uv": [15, 1, 1, 15], "texture": "#1", "tintindex": 0},
				"up": {"uv": [1, 15, 15, 1], "texture": "#1", "tintindex": 0},
				"down": {"uv": [1, 15, 15, 1], "texture": "#1", "tintindex": 0}
			}
		},
		{
			"name": "Cube",
			"from": [17.10584, 3.35104, -4],
			"to": [17.99684, 23.33344, 4.1],
			"rotation": {"angle": 0, "axis": "y", "origin": [6.87288, 20.7512, -23.8]},
			"faces": {
				"north": {"uv": [15, 1, 1, 15], "texture": "#1", "tintindex": 0},
				"east": {"uv": [1, 15, 15, 1], "rotation": 90, "texture": "#1", "tintindex": 0},
				"south": {"uv": [15, 1, 1, 15], "texture": "#1", "tintindex": 0},
				"west": {"uv": [15, 1, 1, 15], "texture": "#1", "tintindex": 0},
				"up": {"uv": [1, 15, 15, 1], "texture": "#1", "tintindex": 0},
				"down": {"uv": [1, 15, 15, 1], "texture": "#1", "tintindex": 0}
			}
		},
		{
			"name": "Cube",
			"from": [18.00584, 3.35104, 2.2],
			"to": [18.09684, 23.33344, 3.5],
			"rotation": {"angle": 0, "axis": "y", "origin": [6.97288, 20.7512, -17.6]},
			"faces": {
				"north": {"uv": [15, 1, 1, 15], "texture": "#1", "tintindex": 0},
				"east": {"uv": [1, 15, 15, 1], "rotation": 90, "texture": "#1", "tintindex": 0},
				"south": {"uv": [15, 1, 1, 15], "texture": "#1", "tintindex": 0},
				"west": {"uv": [15, 1, 1, 15], "texture": "#1", "tintindex": 0},
				"up": {"uv": [1, 15, 15, 1], "texture": "#1", "tintindex": 0},
				"down": {"uv": [1, 15, 15, 1], "texture": "#1", "tintindex": 0}
			}
		},
		{
			"name": "Cube",
			"from": [18.00584, 3.35104, 0.1],
			"to": [18.09684, 23.33344, 1.4],
			"rotation": {"angle": 0, "axis": "y", "origin": [6.97288, 20.7512, -19.7]},
			"faces": {
				"north": {"uv": [15, 1, 1, 15], "texture": "#1", "tintindex": 0},
				"east": {"uv": [1, 15, 15, 1], "rotation": 90, "texture": "#1", "tintindex": 0},
				"south": {"uv": [15, 1, 1, 15], "texture": "#1", "tintindex": 0},
				"west": {"uv": [15, 1, 1, 15], "texture": "#1", "tintindex": 0},
				"up": {"uv": [1, 15, 15, 1], "texture": "#1", "tintindex": 0},
				"down": {"uv": [1, 15, 15, 1], "texture": "#1", "tintindex": 0}
			}
		},
		{
			"name": "Cube",
			"from": [18.00584, 3.35104, -1.9],
			"to": [18.09684, 23.33344, -0.6],
			"rotation": {"angle": 0, "axis": "y", "origin": [6.97288, 20.7512, -21.7]},
			"faces": {
				"north": {"uv": [15, 1, 1, 15], "texture": "#1", "tintindex": 0},
				"east": {"uv": [1, 15, 15, 1], "rotation": 90, "texture": "#1", "tintindex": 0},
				"south": {"uv": [15, 1, 1, 15], "texture": "#1", "tintindex": 0},
				"west": {"uv": [15, 1, 1, 15], "texture": "#1", "tintindex": 0},
				"up": {"uv": [1, 15, 15, 1], "texture": "#1", "tintindex": 0},
				"down": {"uv": [1, 15, 15, 1], "texture": "#1", "tintindex": 0}
			}
		},
		{
			"name": "Cube",
			"from": [18.00584, 3.35104, -4],
			"to": [18.09684, 23.33344, -2.7],
			"rotation": {"angle": 0, "axis": "y", "origin": [6.97288, 20.7512, -23.8]},
			"faces": {
				"north": {"uv": [15, 1, 1, 15], "texture": "#1", "tintindex": 0},
				"east": {"uv": [1, 15, 15, 1], "rotation": 90, "texture": "#1", "tintindex": 0},
				"south": {"uv": [15, 1, 1, 15], "texture": "#1", "tintindex": 0},
				"west": {"uv": [15, 1, 1, 15], "texture": "#1", "tintindex": 0},
				"up": {"uv": [1, 15, 15, 1], "texture": "#1", "tintindex": 0},
				"down": {"uv": [1, 15, 15, 1], "texture": "#1", "tintindex": 0}
			}
		},
		{
			"name": "Cube",
			"from": [17.10584, 3.35104, -12],
			"to": [17.99684, 23.33344, -3.9],
			"rotation": {"angle": 0, "axis": "y", "origin": [6.87288, 20.7512, -31.8]},
			"faces": {
				"north": {"uv": [15, 1, 1, 15], "texture": "#1", "tintindex": 0},
				"east": {"uv": [1, 15, 15, 1], "rotation": 90, "texture": "#1", "tintindex": 0},
				"south": {"uv": [15, 1, 1, 15], "texture": "#1", "tintindex": 0},
				"west": {"uv": [15, 1, 1, 15], "texture": "#1", "tintindex": 0},
				"up": {"uv": [1, 15, 15, 1], "texture": "#1", "tintindex": 0},
				"down": {"uv": [1, 15, 15, 1], "texture": "#1", "tintindex": 0}
			}
		},
		{
			"name": "Cube",
			"from": [18.00584, 3.35104, -5.8],
			"to": [18.09684, 23.33344, -4.5],
			"rotation": {"angle": 0, "axis": "y", "origin": [6.97288, 20.7512, -25.6]},
			"faces": {
				"north": {"uv": [15, 1, 1, 15], "texture": "#1", "tintindex": 0},
				"east": {"uv": [1, 15, 15, 1], "rotation": 90, "texture": "#1", "tintindex": 0},
				"south": {"uv": [15, 1, 1, 15], "texture": "#1", "tintindex": 0},
				"west": {"uv": [15, 1, 1, 15], "texture": "#1", "tintindex": 0},
				"up": {"uv": [1, 15, 15, 1], "texture": "#1", "tintindex": 0},
				"down": {"uv": [1, 15, 15, 1], "texture": "#1", "tintindex": 0}
			}
		},
		{
			"name": "Cube",
			"from": [18.00584, 3.35104, -7.9],
			"to": [18.09684, 23.33344, -6.6],
			"rotation": {"angle": 0, "axis": "y", "origin": [6.97288, 20.7512, -27.7]},
			"faces": {
				"north": {"uv": [15, 1, 1, 15], "texture": "#1", "tintindex": 0},
				"east": {"uv": [1, 15, 15, 1], "rotation": 90, "texture": "#1", "tintindex": 0},
				"south": {"uv": [15, 1, 1, 15], "texture": "#1", "tintindex": 0},
				"west": {"uv": [15, 1, 1, 15], "texture": "#1", "tintindex": 0},
				"up": {"uv": [1, 15, 15, 1], "texture": "#1", "tintindex": 0},
				"down": {"uv": [1, 15, 15, 1], "texture": "#1", "tintindex": 0}
			}
		},
		{
			"name": "Cube",
			"from": [18.00584, 3.35104, -9.9],
			"to": [18.09684, 23.33344, -8.6],
			"rotation": {"angle": 0, "axis": "y", "origin": [6.97288, 20.7512, -29.7]},
			"faces": {
				"north": {"uv": [15, 1, 1, 15], "texture": "#1", "tintindex": 0},
				"east": {"uv": [1, 15, 15, 1], "rotation": 90, "texture": "#1", "tintindex": 0},
				"south": {"uv": [15, 1, 1, 15], "texture": "#1", "tintindex": 0},
				"west": {"uv": [15, 1, 1, 15], "texture": "#1", "tintindex": 0},
				"up": {"uv": [1, 15, 15, 1], "texture": "#1", "tintindex": 0},
				"down": {"uv": [1, 15, 15, 1], "texture": "#1", "tintindex": 0}
			}
		},
		{
			"name": "Cube",
			"from": [18.00584, 3.35104, -12],
			"to": [18.09684, 23.33344, -10.7],
			"rotation": {"angle": 0, "axis": "y", "origin": [6.97288, 20.7512, -31.8]},
			"faces": {
				"north": {"uv": [15, 1, 1, 15], "texture": "#1", "tintindex": 0},
				"east": {"uv": [1, 15, 15, 1], "rotation": 90, "texture": "#1", "tintindex": 0},
				"south": {"uv": [15, 1, 1, 15], "texture": "#1", "tintindex": 0},
				"west": {"uv": [15, 1, 1, 15], "texture": "#1", "tintindex": 0},
				"up": {"uv": [1, 15, 15, 1], "texture": "#1", "tintindex": 0},
				"down": {"uv": [1, 15, 15, 1], "texture": "#1", "tintindex": 0}
			}
		},
		{
			"name": "Cube",
			"from": [16.90584, 22.75104, -12],
			"to": [18.28964, 23.53344, 28],
			"rotation": {"angle": 0, "axis": "y", "origin": [6.67288, 20.5512, 2.6]},
			"faces": {
				"north": {"uv": [16, 0, 0, 16], "texture": "#1", "tintindex": 0},
				"east": {"uv": [16, 0, 0, 16], "texture": "#1", "tintindex": 0},
				"south": {"uv": [16, 0, 0, 16], "texture": "#1", "tintindex": 0},
				"west": {"uv": [16, 0, 0, 16], "texture": "#1", "tintindex": 0},
				"up": {"uv": [0, 16, 16, 0], "texture": "#1", "tintindex": 0},
				"down": {"uv": [0, 16, 16, 0], "texture": "#1", "tintindex": 0}
			}
		},
		{
			"name": "Cube",
			"from": [16.90584, 3.15104, -12],
			"to": [18.28964, 3.95104, 28.2],
			"rotation": {"angle": 0, "axis": "y", "origin": [6.67288, 0.9512, 2.6]},
			"faces": {
				"north": {"uv": [16, 0, 0, 16], "texture": "#1", "tintindex": 0},
				"east": {"uv": [16, 0, 0, 16], "texture": "#1", "tintindex": 0},
				"south": {"uv": [16, 0, 0, 16], "texture": "#1", "tintindex": 0},
				"west": {"uv": [16, 0, 0, 16], "texture": "#1", "tintindex": 0},
				"up": {"uv": [0, 16, 16, 0], "texture": "#1", "tintindex": 0},
				"down": {"uv": [0, 16, 16, 0], "texture": "#1", "tintindex": 0}
			}
		},
		{
			"name": "Cube",
			"from": [-1.0419, 3.15104, -12],
			"to": [17.0419, 3.95104, 28.2],
			"rotation": {"angle": 0, "axis": "y", "origin": [-2.97486, 0.9512, 2.6]},
			"faces": {
				"north": {"uv": [16, 0, 0, 16], "texture": "#1", "tintindex": 0},
				"east": {"uv": [16, 0, 0, 16], "texture": "#1", "tintindex": 0},
				"south": {"uv": [16, 0, 0, 16], "texture": "#1", "tintindex": 0},
				"west": {"uv": [16, 0, 0, 16], "texture": "#1", "tintindex": 0},
				"up": {"uv": [16, 0, 0, 16], "rotation": 90, "texture": "#1", "tintindex": 0},
				"down": {"uv": [0, 16, 16, 0], "texture": "#1", "tintindex": 0}
			}
		},
		{
			"name": "Cube",
			"from": [-1.99684, 3.35104, 20],
			"to": [-1.10584, 23.33344, 28.1],
			"rotation": {"angle": 0, "axis": "y", "origin": [9.12712, 20.7512, 0.2]},
			"faces": {
				"north": {"uv": [1, 1, 15, 15], "texture": "#1", "tintindex": 0},
				"east": {"uv": [1, 1, 15, 15], "texture": "#1", "tintindex": 0},
				"south": {"uv": [1, 1, 15, 15], "texture": "#1", "tintindex": 0},
				"west": {"uv": [1, 1, 15, 15], "rotation": 90, "texture": "#1", "tintindex": 0},
				"up": {"uv": [15, 15, 1, 1], "texture": "#1", "tintindex": 0},
				"down": {"uv": [15, 15, 1, 1], "texture": "#1", "tintindex": 0}
			}
		},
		{
			"name": "Cube",
			"from": [-2.09684, 3.35104, 26.2],
			"to": [-2.00584, 23.33344, 27.5],
			"rotation": {"angle": 0, "axis": "y", "origin": [9.02712, 20.7512, 6.4]},
			"faces": {
				"north": {"uv": [1, 1, 15, 15], "texture": "#1", "tintindex": 0},
				"east": {"uv": [1, 1, 15, 15], "texture": "#1", "tintindex": 0},
				"south": {"uv": [1, 1, 15, 15], "texture": "#1", "tintindex": 0},
				"west": {"uv": [1, 1, 15, 15], "rotation": 90, "texture": "#1", "tintindex": 0},
				"up": {"uv": [15, 15, 1, 1], "texture": "#1", "tintindex": 0},
				"down": {"uv": [15, 15, 1, 1], "texture": "#1", "tintindex": 0}
			}
		},
		{
			"name": "Cube",
			"from": [-2.09684, 3.35104, 24.1],
			"to": [-2.00584, 23.33344, 25.4],
			"rotation": {"angle": 0, "axis": "y", "origin": [9.02712, 20.7512, 4.3]},
			"faces": {
				"north": {"uv": [1, 1, 15, 15], "texture": "#1", "tintindex": 0},
				"east": {"uv": [1, 1, 15, 15], "texture": "#1", "tintindex": 0},
				"south": {"uv": [1, 1, 15, 15], "texture": "#1", "tintindex": 0},
				"west": {"uv": [1, 1, 15, 15], "rotation": 90, "texture": "#1", "tintindex": 0},
				"up": {"uv": [15, 15, 1, 1], "texture": "#1", "tintindex": 0},
				"down": {"uv": [15, 15, 1, 1], "texture": "#1", "tintindex": 0}
			}
		},
		{
			"name": "Cube",
			"from": [-2.09684, 3.35104, 22.1],
			"to": [-2.00584, 23.33344, 23.4],
			"rotation": {"angle": 0, "axis": "y", "origin": [9.02712, 20.7512, 2.3]},
			"faces": {
				"north": {"uv": [1, 1, 15, 15], "texture": "#1", "tintindex": 0},
				"east": {"uv": [1, 1, 15, 15], "texture": "#1", "tintindex": 0},
				"south": {"uv": [1, 1, 15, 15], "texture": "#1", "tintindex": 0},
				"west": {"uv": [1, 1, 15, 15], "rotation": 90, "texture": "#1", "tintindex": 0},
				"up": {"uv": [15, 15, 1, 1], "texture": "#1", "tintindex": 0},
				"down": {"uv": [15, 15, 1, 1], "texture": "#1", "tintindex": 0}
			}
		},
		{
			"name": "Cube",
			"from": [-2.09684, 3.35104, 20],
			"to": [-2.00584, 23.33344, 21.3],
			"rotation": {"angle": 0, "axis": "y", "origin": [9.02712, 20.7512, 0.2]},
			"faces": {
				"north": {"uv": [1, 1, 15, 15], "texture": "#1", "tintindex": 0},
				"east": {"uv": [1, 1, 15, 15], "texture": "#1", "tintindex": 0},
				"south": {"uv": [1, 1, 15, 15], "texture": "#1", "tintindex": 0},
				"west": {"uv": [1, 1, 15, 15], "rotation": 90, "texture": "#1", "tintindex": 0},
				"up": {"uv": [15, 15, 1, 1], "texture": "#1", "tintindex": 0},
				"down": {"uv": [15, 15, 1, 1], "texture": "#1", "tintindex": 0}
			}
		},
		{
			"name": "Cube",
			"from": [-2.09684, 3.35104, 18.2],
			"to": [-2.00584, 23.33344, 19.5],
			"rotation": {"angle": 0, "axis": "y", "origin": [9.02712, 20.7512, -1.6]},
			"faces": {
				"north": {"uv": [1, 1, 15, 15], "texture": "#1", "tintindex": 0},
				"east": {"uv": [1, 1, 15, 15], "texture": "#1", "tintindex": 0},
				"south": {"uv": [1, 1, 15, 15], "texture": "#1", "tintindex": 0},
				"west": {"uv": [1, 1, 15, 15], "rotation": 90, "texture": "#1", "tintindex": 0},
				"up": {"uv": [15, 15, 1, 1], "texture": "#1", "tintindex": 0},
				"down": {"uv": [15, 15, 1, 1], "texture": "#1", "tintindex": 0}
			}
		},
		{
			"name": "Cube",
			"from": [-2.09684, 3.35104, 16.1],
			"to": [-2.00584, 23.33344, 17.4],
			"rotation": {"angle": 0, "axis": "y", "origin": [9.02712, 20.7512, -3.7]},
			"faces": {
				"north": {"uv": [1, 1, 15, 15], "texture": "#1", "tintindex": 0},
				"east": {"uv": [1, 1, 15, 15], "texture": "#1", "tintindex": 0},
				"south": {"uv": [1, 1, 15, 15], "texture": "#1", "tintindex": 0},
				"west": {"uv": [1, 1, 15, 15], "rotation": 90, "texture": "#1", "tintindex": 0},
				"up": {"uv": [15, 15, 1, 1], "texture": "#1", "tintindex": 0},
				"down": {"uv": [15, 15, 1, 1], "texture": "#1", "tintindex": 0}
			}
		},
		{
			"name": "Cube",
			"from": [-2.09684, 3.35104, 14.1],
			"to": [-2.00584, 23.33344, 15.4],
			"rotation": {"angle": 0, "axis": "y", "origin": [9.02712, 20.7512, -5.7]},
			"faces": {
				"north": {"uv": [1, 1, 15, 15], "texture": "#1", "tintindex": 0},
				"east": {"uv": [1, 1, 15, 15], "texture": "#1", "tintindex": 0},
				"south": {"uv": [1, 1, 15, 15], "texture": "#1", "tintindex": 0},
				"west": {"uv": [1, 1, 15, 15], "rotation": 90, "texture": "#1", "tintindex": 0},
				"up": {"uv": [15, 15, 1, 1], "texture": "#1", "tintindex": 0},
				"down": {"uv": [15, 15, 1, 1], "texture": "#1", "tintindex": 0}
			}
		},
		{
			"name": "Cube",
			"from": [-2.09684, 3.35104, 12],
			"to": [-2.00584, 23.33344, 13.3],
			"rotation": {"angle": 0, "axis": "y", "origin": [9.02712, 20.7512, -7.8]},
			"faces": {
				"north": {"uv": [1, 1, 15, 15], "texture": "#1", "tintindex": 0},
				"east": {"uv": [1, 1, 15, 15], "texture": "#1", "tintindex": 0},
				"south": {"uv": [1, 1, 15, 15], "texture": "#1", "tintindex": 0},
				"west": {"uv": [1, 1, 15, 15], "rotation": 90, "texture": "#1", "tintindex": 0},
				"up": {"uv": [15, 15, 1, 1], "texture": "#1", "tintindex": 0},
				"down": {"uv": [15, 15, 1, 1], "texture": "#1", "tintindex": 0}
			}
		},
		{
			"name": "Cube",
			"from": [-1.99684, 3.35104, 12],
			"to": [-1.10584, 23.33344, 20.1],
			"rotation": {"angle": 0, "axis": "y", "origin": [9.12712, 20.7512, -7.8]},
			"faces": {
				"north": {"uv": [1, 1, 15, 15], "texture": "#1", "tintindex": 0},
				"east": {"uv": [1, 1, 15, 15], "texture": "#1", "tintindex": 0},
				"south": {"uv": [1, 1, 15, 15], "texture": "#1", "tintindex": 0},
				"west": {"uv": [1, 1, 15, 15], "rotation": 90, "texture": "#1", "tintindex": 0},
				"up": {"uv": [15, 15, 1, 1], "texture": "#1", "tintindex": 0},
				"down": {"uv": [15, 15, 1, 1], "texture": "#1", "tintindex": 0}
			}
		},
		{
			"name": "Cube",
			"from": [-1.99684, 3.35104, 4],
			"to": [-1.10584, 23.33344, 12.1],
			"rotation": {"angle": 0, "axis": "y", "origin": [9.12712, 20.7512, -15.8]},
			"faces": {
				"north": {"uv": [1, 1, 15, 15], "texture": "#1", "tintindex": 0},
				"east": {"uv": [1, 1, 15, 15], "texture": "#1", "tintindex": 0},
				"south": {"uv": [1, 1, 15, 15], "texture": "#1", "tintindex": 0},
				"west": {"uv": [1, 1, 15, 15], "rotation": 90, "texture": "#1", "tintindex": 0},
				"up": {"uv": [15, 15, 1, 1], "texture": "#1", "tintindex": 0},
				"down": {"uv": [15, 15, 1, 1], "texture": "#1", "tintindex": 0}
			}
		},
		{
			"name": "Cube",
			"from": [-2.09684, 3.35104, 10.2],
			"to": [-2.00584, 23.33344, 11.5],
			"rotation": {"angle": 0, "axis": "y", "origin": [9.02712, 20.7512, -9.6]},
			"faces": {
				"north": {"uv": [1, 1, 15, 15], "texture": "#1", "tintindex": 0},
				"east": {"uv": [1, 1, 15, 15], "texture": "#1", "tintindex": 0},
				"south": {"uv": [1, 1, 15, 15], "texture": "#1", "tintindex": 0},
				"west": {"uv": [1, 1, 15, 15], "rotation": 90, "texture": "#1", "tintindex": 0},
				"up": {"uv": [15, 15, 1, 1], "texture": "#1", "tintindex": 0},
				"down": {"uv": [15, 15, 1, 1], "texture": "#1", "tintindex": 0}
			}
		},
		{
			"name": "Cube",
			"from": [-2.09684, 3.35104, 8.1],
			"to": [-2.00584, 23.33344, 9.4],
			"rotation": {"angle": 0, "axis": "y", "origin": [9.02712, 20.7512, -11.7]},
			"faces": {
				"north": {"uv": [1, 1, 15, 15], "texture": "#1", "tintindex": 0},
				"east": {"uv": [1, 1, 15, 15], "texture": "#1", "tintindex": 0},
				"south": {"uv": [1, 1, 15, 15], "texture": "#1", "tintindex": 0},
				"west": {"uv": [1, 1, 15, 15], "rotation": 90, "texture": "#1", "tintindex": 0},
				"up": {"uv": [15, 15, 1, 1], "texture": "#1", "tintindex": 0},
				"down": {"uv": [15, 15, 1, 1], "texture": "#1", "tintindex": 0}
			}
		},
		{
			"name": "Cube",
			"from": [-2.09684, 3.35104, 6.1],
			"to": [-2.00584, 23.33344, 7.4],
			"rotation": {"angle": 0, "axis": "y", "origin": [9.02712, 20.7512, -13.7]},
			"faces": {
				"north": {"uv": [1, 1, 15, 15], "texture": "#1", "tintindex": 0},
				"east": {"uv": [1, 1, 15, 15], "texture": "#1", "tintindex": 0},
				"south": {"uv": [1, 1, 15, 15], "texture": "#1", "tintindex": 0},
				"west": {"uv": [1, 1, 15, 15], "rotation": 90, "texture": "#1", "tintindex": 0},
				"up": {"uv": [15, 15, 1, 1], "texture": "#1", "tintindex": 0},
				"down": {"uv": [15, 15, 1, 1], "texture": "#1", "tintindex": 0}
			}
		},
		{
			"name": "Cube",
			"from": [-2.09684, 3.35104, 4],
			"to": [-2.00584, 23.33344, 5.3],
			"rotation": {"angle": 0, "axis": "y", "origin": [9.02712, 20.7512, -15.8]},
			"faces": {
				"north": {"uv": [1, 1, 15, 15], "texture": "#1", "tintindex": 0},
				"east": {"uv": [1, 1, 15, 15], "texture": "#1", "tintindex": 0},
				"south": {"uv": [1, 1, 15, 15], "texture": "#1", "tintindex": 0},
				"west": {"uv": [1, 1, 15, 15], "rotation": 90, "texture": "#1", "tintindex": 0},
				"up": {"uv": [15, 15, 1, 1], "texture": "#1", "tintindex": 0},
				"down": {"uv": [15, 15, 1, 1], "texture": "#1", "tintindex": 0}
			}
		},
		{
			"name": "Cube",
			"from": [-1.99684, 3.35104, -4],
			"to": [-1.10584, 23.33344, 4.1],
			"rotation": {"angle": 0, "axis": "y", "origin": [9.12712, 20.7512, -23.8]},
			"faces": {
				"north": {"uv": [1, 1, 15, 15], "texture": "#1", "tintindex": 0},
				"east": {"uv": [1, 1, 15, 15], "texture": "#1", "tintindex": 0},
				"south": {"uv": [1, 1, 15, 15], "texture": "#1", "tintindex": 0},
				"west": {"uv": [1, 1, 15, 15], "rotation": 90, "texture": "#1", "tintindex": 0},
				"up": {"uv": [15, 15, 1, 1], "texture": "#1", "tintindex": 0},
				"down": {"uv": [15, 15, 1, 1], "texture": "#1", "tintindex": 0}
			}
		},
		{
			"name": "Cube",
			"from": [-2.09684, 3.35104, 2.2],
			"to": [-2.00584, 23.33344, 3.5],
			"rotation": {"angle": 0, "axis": "y", "origin": [9.02712, 20.7512, -17.6]},
			"faces": {
				"north": {"uv": [1, 1, 15, 15], "texture": "#1", "tintindex": 0},
				"east": {"uv": [1, 1, 15, 15], "texture": "#1", "tintindex": 0},
				"south": {"uv": [1, 1, 15, 15], "texture": "#1", "tintindex": 0},
				"west": {"uv": [1, 1, 15, 15], "rotation": 90, "texture": "#1", "tintindex": 0},
				"up": {"uv": [15, 15, 1, 1], "texture": "#1", "tintindex": 0},
				"down": {"uv": [15, 15, 1, 1], "texture": "#1", "tintindex": 0}
			}
		},
		{
			"name": "Cube",
			"from": [-2.09684, 3.35104, 0.1],
			"to": [-2.00584, 23.33344, 1.4],
			"rotation": {"angle": 0, "axis": "y", "origin": [9.02712, 20.7512, -19.7]},
			"faces": {
				"north": {"uv": [1, 1, 15, 15], "texture": "#1", "tintindex": 0},
				"east": {"uv": [1, 1, 15, 15], "texture": "#1", "tintindex": 0},
				"south": {"uv": [1, 1, 15, 15], "texture": "#1", "tintindex": 0},
				"west": {"uv": [1, 1, 15, 15], "rotation": 90, "texture": "#1", "tintindex": 0},
				"up": {"uv": [15, 15, 1, 1], "texture": "#1", "tintindex": 0},
				"down": {"uv": [15, 15, 1, 1], "texture": "#1", "tintindex": 0}
			}
		},
		{
			"name": "Cube",
			"from": [-2.09684, 3.35104, -1.9],
			"to": [-2.00584, 23.33344, -0.6],
			"rotation": {"angle": 0, "axis": "y", "origin": [9.02712, 20.7512, -21.7]},
			"faces": {
				"north": {"uv": [1, 1, 15, 15], "texture": "#1", "tintindex": 0},
				"east": {"uv": [1, 1, 15, 15], "texture": "#1", "tintindex": 0},
				"south": {"uv": [1, 1, 15, 15], "texture": "#1", "tintindex": 0},
				"west": {"uv": [1, 1, 15, 15], "rotation": 90, "texture": "#1", "tintindex": 0},
				"up": {"uv": [15, 15, 1, 1], "texture": "#1", "tintindex": 0},
				"down": {"uv": [15, 15, 1, 1], "texture": "#1", "tintindex": 0}
			}
		},
		{
			"name": "Cube",
			"from": [-2.09684, 3.35104, -4],
			"to": [-2.00584, 23.33344, -2.7],
			"rotation": {"angle": 0, "axis": "y", "origin": [9.02712, 20.7512, -23.8]},
			"faces": {
				"north": {"uv": [1, 1, 15, 15], "texture": "#1", "tintindex": 0},
				"east": {"uv": [1, 1, 15, 15], "texture": "#1", "tintindex": 0},
				"south": {"uv": [1, 1, 15, 15], "texture": "#1", "tintindex": 0},
				"west": {"uv": [1, 1, 15, 15], "rotation": 90, "texture": "#1", "tintindex": 0},
				"up": {"uv": [15, 15, 1, 1], "texture": "#1", "tintindex": 0},
				"down": {"uv": [15, 15, 1, 1], "texture": "#1", "tintindex": 0}
			}
		},
		{
			"name": "Cube",
			"from": [-1.99684, 3.35104, -12],
			"to": [-1.10584, 23.33344, -3.9],
			"rotation": {"angle": 0, "axis": "y", "origin": [9.12712, 20.7512, -31.8]},
			"faces": {
				"north": {"uv": [1, 1, 15, 15], "texture": "#1", "tintindex": 0},
				"east": {"uv": [1, 1, 15, 15], "texture": "#1", "tintindex": 0},
				"south": {"uv": [1, 1, 15, 15], "texture": "#1", "tintindex": 0},
				"west": {"uv": [1, 1, 15, 15], "rotation": 90, "texture": "#1", "tintindex": 0},
				"up": {"uv": [15, 15, 1, 1], "texture": "#1", "tintindex": 0},
				"down": {"uv": [15, 15, 1, 1], "texture": "#1", "tintindex": 0}
			}
		},
		{
			"name": "Cube",
			"from": [-2.09684, 3.35104, -5.8],
			"to": [-2.00584, 23.33344, -4.5],
			"rotation": {"angle": 0, "axis": "y", "origin": [9.02712, 20.7512, -25.6]},
			"faces": {
				"north": {"uv": [1, 1, 15, 15], "texture": "#1", "tintindex": 0},
				"east": {"uv": [1, 1, 15, 15], "texture": "#1", "tintindex": 0},
				"south": {"uv": [1, 1, 15, 15], "texture": "#1", "tintindex": 0},
				"west": {"uv": [1, 1, 15, 15], "rotation": 90, "texture": "#1", "tintindex": 0},
				"up": {"uv": [15, 15, 1, 1], "texture": "#1", "tintindex": 0},
				"down": {"uv": [15, 15, 1, 1], "texture": "#1", "tintindex": 0}
			}
		},
		{
			"name": "Cube",
			"from": [-2.09684, 3.35104, -7.9],
			"to": [-2.00584, 23.33344, -6.6],
			"rotation": {"angle": 0, "axis": "y", "origin": [9.02712, 20.7512, -27.7]},
			"faces": {
				"north": {"uv": [1, 1, 15, 15], "texture": "#1", "tintindex": 0},
				"east": {"uv": [1, 1, 15, 15], "texture": "#1", "tintindex": 0},
				"south": {"uv": [1, 1, 15, 15], "texture": "#1", "tintindex": 0},
				"west": {"uv": [1, 1, 15, 15], "rotation": 90, "texture": "#1", "tintindex": 0},
				"up": {"uv": [15, 15, 1, 1], "texture": "#1", "tintindex": 0},
				"down": {"uv": [15, 15, 1, 1], "texture": "#1", "tintindex": 0}
			}
		},
		{
			"name": "Cube",
			"from": [-2.09684, 3.35104, -9.9],
			"to": [-2.00584, 23.33344, -8.6],
			"rotation": {"angle": 0, "axis": "y", "origin": [9.02712, 20.7512, -29.7]},
			"faces": {
				"north": {"uv": [1, 1, 15, 15], "texture": "#1", "tintindex": 0},
				"east": {"uv": [1, 1, 15, 15], "texture": "#1", "tintindex": 0},
				"south": {"uv": [1, 1, 15, 15], "texture": "#1", "tintindex": 0},
				"west": {"uv": [1, 1, 15, 15], "rotation": 90, "texture": "#1", "tintindex": 0},
				"up": {"uv": [15, 15, 1, 1], "texture": "#1", "tintindex": 0},
				"down": {"uv": [15, 15, 1, 1], "texture": "#1", "tintindex": 0}
			}
		},
		{
			"name": "Cube",
			"from": [-2.09684, 3.35104, -12],
			"to": [-2.00584, 23.33344, -10.7],
			"rotation": {"angle": 0, "axis": "y", "origin": [9.02712, 20.7512, -31.8]},
			"faces": {
				"north": {"uv": [1, 1, 15, 15], "texture": "#1", "tintindex": 0},
				"east": {"uv": [1, 1, 15, 15], "texture": "#1", "tintindex": 0},
				"south": {"uv": [1, 1, 15, 15], "texture": "#1", "tintindex": 0},
				"west": {"uv": [1, 1, 15, 15], "rotation": 90, "texture": "#1", "tintindex": 0},
				"up": {"uv": [15, 15, 1, 1], "texture": "#1", "tintindex": 0},
				"down": {"uv": [15, 15, 1, 1], "texture": "#1", "tintindex": 0}
			}
		},
		{
			"name": "Cube",
			"from": [-2.28964, 22.75104, -12],
			"to": [-0.90584, 23.53344, 28],
			"rotation": {"angle": 0, "axis": "y", "origin": [9.32712, 20.5512, 2.6]},
			"faces": {
				"north": {"uv": [0, 0, 16, 16], "texture": "#1", "tintindex": 0},
				"east": {"uv": [0, 0, 16, 16], "texture": "#1", "tintindex": 0},
				"south": {"uv": [0, 0, 16, 16], "texture": "#1", "tintindex": 0},
				"west": {"uv": [0, 0, 16, 16], "texture": "#1", "tintindex": 0},
				"up": {"uv": [16, 16, 0, 0], "texture": "#1", "tintindex": 0},
				"down": {"uv": [16, 16, 0, 0], "texture": "#1", "tintindex": 0}
			}
		},
		{
			"name": "Cube",
			"from": [-2.28964, 3.15104, -12],
			"to": [-0.90584, 3.95104, 28.2],
			"rotation": {"angle": 0, "axis": "y", "origin": [9.32712, 0.9512, 2.6]},
			"faces": {
				"north": {"uv": [0, 0, 16, 16], "texture": "#1", "tintindex": 0},
				"east": {"uv": [0, 0, 16, 16], "texture": "#1", "tintindex": 0},
				"south": {"uv": [0, 0, 16, 16], "texture": "#1", "tintindex": 0},
				"west": {"uv": [0, 0, 16, 16], "texture": "#1", "tintindex": 0},
				"up": {"uv": [16, 16, 0, 0], "texture": "#1", "tintindex": 0},
				"down": {"uv": [16, 16, 0, 0], "texture": "#1", "tintindex": 0}
			}
		},
		{
			"name": "Cube",
			"from": [10.68013, 3.33744, 28.4],
			"to": [11.01987, 23.15104, 29],
			"rotation": {"angle": 0, "axis": "y", "origin": [-2.60947, 20.4512, 4.6]},
			"faces": {
				"north": {"uv": [16, 0, 0, 16], "texture": "#2"},
				"east": {"uv": [16, 0, 0, 16], "texture": "#2"},
				"south": {"uv": [16, 0, 0, 16], "texture": "#2"},
				"west": {"uv": [16, 0, 0, 16], "texture": "#2"},
				"up": {"uv": [0, 16, 16, 0], "texture": "#2"},
				"down": {"uv": [0, 16, 16, 0], "texture": "#2"}
			}
		},
		{
			"name": "Cube",
			"from": [4.98013, 3.33744, 28.4],
			"to": [5.31987, 23.15104, 29],
			"rotation": {"angle": 0, "axis": "y", "origin": [18.60947, 20.4512, 4.6]},
			"faces": {
				"north": {"uv": [0, 0, 16, 16], "texture": "#2"},
				"east": {"uv": [0, 0, 16, 16], "texture": "#2"},
				"south": {"uv": [0, 0, 16, 16], "texture": "#2"},
				"west": {"uv": [0, 0, 16, 16], "texture": "#2"},
				"up": {"uv": [16, 16, 0, 0], "texture": "#2"},
				"down": {"uv": [16, 16, 0, 0], "texture": "#2"}
			}
		},
		{
			"name": "Cube",
			"from": [14.68013, 3.33744, 28.4],
			"to": [15.01987, 23.15104, 29],
			"rotation": {"angle": 0, "axis": "y", "origin": [1.39053, 20.4512, 4.6]},
			"faces": {
				"north": {"uv": [16, 0, 0, 16], "texture": "#2"},
				"east": {"uv": [16, 0, 0, 16], "texture": "#2"},
				"south": {"uv": [16, 0, 0, 16], "texture": "#2"},
				"west": {"uv": [16, 0, 0, 16], "texture": "#2"},
				"up": {"uv": [0, 16, 16, 0], "texture": "#2"},
				"down": {"uv": [0, 16, 16, 0], "texture": "#2"}
			}
		},
		{
			"name": "Cube",
			"from": [0.98013, 3.33744, 28.4],
			"to": [1.31987, 23.15104, 29],
			"rotation": {"angle": 0, "axis": "y", "origin": [14.60947, 20.4512, 4.6]},
			"faces": {
				"north": {"uv": [0, 0, 16, 16], "texture": "#2"},
				"east": {"uv": [0, 0, 16, 16], "texture": "#2"},
				"south": {"uv": [0, 0, 16, 16], "texture": "#2"},
				"west": {"uv": [0, 0, 16, 16], "texture": "#2"},
				"up": {"uv": [16, 16, 0, 0], "texture": "#2"},
				"down": {"uv": [16, 16, 0, 0], "texture": "#2"}
			}
		},
		{
			"name": "Cube",
			"from": [10.28013, 21.43744, 28.4],
			"to": [11.41987, 22.15104, 28.8],
			"rotation": {"angle": 0, "axis": "y", "origin": [-2.60947, 27.4512, 4.6]},
			"faces": {
				"north": {"uv": [16, 0, 0, 16], "texture": "#2"},
				"east": {"uv": [16, 0, 0, 16], "texture": "#2"},
				"south": {"uv": [16, 0, 0, 16], "texture": "#2"},
				"west": {"uv": [16, 0, 0, 16], "texture": "#2"},
				"up": {"uv": [0, 16, 16, 0], "texture": "#2"},
				"down": {"uv": [0, 16, 16, 0], "texture": "#2"}
			}
		},
		{
			"name": "Cube",
			"from": [4.58013, 21.43744, 28.4],
			"to": [5.71987, 22.15104, 28.8],
			"rotation": {"angle": 0, "axis": "y", "origin": [18.60947, 27.4512, 4.6]},
			"faces": {
				"north": {"uv": [0, 0, 16, 16], "texture": "#2"},
				"east": {"uv": [0, 0, 16, 16], "texture": "#2"},
				"south": {"uv": [0, 0, 16, 16], "texture": "#2"},
				"west": {"uv": [0, 0, 16, 16], "texture": "#2"},
				"up": {"uv": [16, 16, 0, 0], "texture": "#2"},
				"down": {"uv": [16, 16, 0, 0], "texture": "#2"}
			}
		},
		{
			"name": "Cube",
			"from": [14.28013, 21.43744, 28.4],
			"to": [15.41987, 22.15104, 28.8],
			"rotation": {"angle": 0, "axis": "y", "origin": [1.39053, 27.4512, 4.6]},
			"faces": {
				"north": {"uv": [16, 0, 0, 16], "texture": "#2"},
				"east": {"uv": [16, 0, 0, 16], "texture": "#2"},
				"south": {"uv": [16, 0, 0, 16], "texture": "#2"},
				"west": {"uv": [16, 0, 0, 16], "texture": "#2"},
				"up": {"uv": [0, 16, 16, 0], "texture": "#2"},
				"down": {"uv": [0, 16, 16, 0], "texture": "#2"}
			}
		},
		{
			"name": "Cube",
			"from": [0.58013, 21.43744, 28.4],
			"to": [1.71987, 22.15104, 28.8],
			"rotation": {"angle": 0, "axis": "y", "origin": [14.60947, 27.4512, 4.6]},
			"faces": {
				"north": {"uv": [0, 0, 16, 16], "texture": "#2"},
				"east": {"uv": [0, 0, 16, 16], "texture": "#2"},
				"south": {"uv": [0, 0, 16, 16], "texture": "#2"},
				"west": {"uv": [0, 0, 16, 16], "texture": "#2"},
				"up": {"uv": [16, 16, 0, 0], "texture": "#2"},
				"down": {"uv": [16, 16, 0, 0], "texture": "#2"}
			}
		},
		{
			"name": "Cube",
			"from": [10.28013, 11.73744, 28.4],
			"to": [12.61987, 12.15104, 28.8],
			"rotation": {"angle": 0, "axis": "y", "origin": [-2.60947, 17.4512, 4.6]},
			"faces": {
				"north": {"uv": [16, 0, 0, 16], "texture": "#2"},
				"east": {"uv": [16, 0, 0, 16], "texture": "#2"},
				"south": {"uv": [16, 0, 0, 16], "texture": "#2"},
				"west": {"uv": [16, 0, 0, 16], "texture": "#2"},
				"up": {"uv": [0, 16, 16, 0], "texture": "#2"},
				"down": {"uv": [0, 16, 16, 0], "texture": "#2"}
			}
		},
		{
			"name": "Cube",
			"from": [3.38013, 11.73744, 28.4],
			"to": [5.71987, 12.15104, 28.8],
			"rotation": {"angle": 0, "axis": "y", "origin": [18.60947, 17.4512, 4.6]},
			"faces": {
				"north": {"uv": [0, 0, 16, 16], "texture": "#2"},
				"east": {"uv": [0, 0, 16, 16], "texture": "#2"},
				"south": {"uv": [0, 0, 16, 16], "texture": "#2"},
				"west": {"uv": [0, 0, 16, 16], "texture": "#2"},
				"up": {"uv": [16, 16, 0, 0], "texture": "#2"},
				"down": {"uv": [16, 16, 0, 0], "texture": "#2"}
			}
		},
		{
			"name": "Cube",
			"from": [11.28013, 14.73744, 28.4],
			"to": [14.31987, 14.85104, 28.8],
			"rotation": {"angle": 0, "axis": "y", "origin": [-1.60947, 20.4512, 4.6]},
			"faces": {
				"north": {"uv": [16, 0, 0, 16], "texture": "#2"},
				"east": {"uv": [16, 0, 0, 16], "texture": "#2"},
				"south": {"uv": [16, 0, 0, 16], "texture": "#2"},
				"west": {"uv": [16, 0, 0, 16], "texture": "#2"},
				"up": {"uv": [0, 16, 16, 0], "texture": "#2"},
				"down": {"uv": [0, 16, 16, 0], "texture": "#2"}
			}
		},
		{
			"name": "Cube",
			"from": [11.28013, 8.13744, 28.4],
			"to": [14.31987, 8.25104, 28.8],
			"rotation": {"angle": 0, "axis": "y", "origin": [-1.60947, 13.8512, 4.6]},
			"faces": {
				"north": {"uv": [16, 0, 0, 16], "texture": "#2"},
				"east": {"uv": [16, 0, 0, 16], "texture": "#2"},
				"south": {"uv": [16, 0, 0, 16], "texture": "#2"},
				"west": {"uv": [16, 0, 0, 16], "texture": "#2"},
				"up": {"uv": [0, 16, 16, 0], "texture": "#2"},
				"down": {"uv": [0, 16, 16, 0], "texture": "#2"}
			}
		},
		{
			"name": "Cube",
			"from": [11.28013, 14.43744, 28.4],
			"to": [12.91987, 14.55104, 28.8],
			"rotation": {"angle": 0, "axis": "y", "origin": [-1.60947, 20.1512, 4.6]},
			"faces": {
				"north": {"uv": [16, 0, 0, 16], "texture": "#2"},
				"east": {"uv": [16, 0, 0, 16], "texture": "#2"},
				"south": {"uv": [16, 0, 0, 16], "texture": "#2"},
				"west": {"uv": [16, 0, 0, 16], "texture": "#2"},
				"up": {"uv": [0, 16, 16, 0], "texture": "#2"},
				"down": {"uv": [0, 16, 16, 0], "texture": "#2"}
			}
		},
		{
			"name": "Cube",
			"from": [11.28013, 7.83744, 28.4],
			"to": [12.91987, 7.95104, 28.8],
			"rotation": {"angle": 0, "axis": "y", "origin": [-1.60947, 13.5512, 4.6]},
			"faces": {
				"north": {"uv": [16, 0, 0, 16], "texture": "#2"},
				"east": {"uv": [16, 0, 0, 16], "texture": "#2"},
				"south": {"uv": [16, 0, 0, 16], "texture": "#2"},
				"west": {"uv": [16, 0, 0, 16], "texture": "#2"},
				"up": {"uv": [0, 16, 16, 0], "texture": "#2"},
				"down": {"uv": [0, 16, 16, 0], "texture": "#2"}
			}
		},
		{
			"name": "Cube",
			"from": [11.28013, 14.03744, 28.4],
			"to": [12.11987, 14.15104, 28.8],
			"rotation": {"angle": 0, "axis": "y", "origin": [-1.60947, 19.7512, 4.6]},
			"faces": {
				"north": {"uv": [16, 0, 0, 16], "texture": "#2"},
				"east": {"uv": [16, 0, 0, 16], "texture": "#2"},
				"south": {"uv": [16, 0, 0, 16], "texture": "#2"},
				"west": {"uv": [16, 0, 0, 16], "texture": "#2"},
				"up": {"uv": [0, 16, 16, 0], "texture": "#2"},
				"down": {"uv": [0, 16, 16, 0], "texture": "#2"}
			}
		},
		{
			"name": "Cube",
			"from": [11.28013, 13.63744, 28.4],
			"to": [12.11987, 13.75104, 28.8],
			"rotation": {"angle": 0, "axis": "y", "origin": [-1.60947, 19.3512, 4.6]},
			"faces": {
				"north": {"uv": [16, 0, 0, 16], "texture": "#2"},
				"east": {"uv": [16, 0, 0, 16], "texture": "#2"},
				"south": {"uv": [16, 0, 0, 16], "texture": "#2"},
				"west": {"uv": [16, 0, 0, 16], "texture": "#2"},
				"up": {"uv": [0, 16, 16, 0], "texture": "#2"},
				"down": {"uv": [0, 16, 16, 0], "texture": "#2"}
			}
		},
		{
			"name": "Cube",
			"from": [11.28013, 13.23744, 28.4],
			"to": [12.11987, 13.35104, 28.8],
			"rotation": {"angle": 0, "axis": "y", "origin": [-1.60947, 18.9512, 4.6]},
			"faces": {
				"north": {"uv": [16, 0, 0, 16], "texture": "#2"},
				"east": {"uv": [16, 0, 0, 16], "texture": "#2"},
				"south": {"uv": [16, 0, 0, 16], "texture": "#2"},
				"west": {"uv": [16, 0, 0, 16], "texture": "#2"},
				"up": {"uv": [0, 16, 16, 0], "texture": "#2"},
				"down": {"uv": [0, 16, 16, 0], "texture": "#2"}
			}
		},
		{
			"name": "Cube",
			"from": [13.18013, 14.43744, 28.4],
			"to": [14.31987, 14.55104, 28.8],
			"rotation": {"angle": 0, "axis": "y", "origin": [0.09053, 20.1512, 4.6]},
			"faces": {
				"north": {"uv": [16, 0, 0, 16], "texture": "#2"},
				"east": {"uv": [16, 0, 0, 16], "texture": "#2"},
				"south": {"uv": [16, 0, 0, 16], "texture": "#2"},
				"west": {"uv": [16, 0, 0, 16], "texture": "#2"},
				"up": {"uv": [0, 16, 16, 0], "texture": "#2"},
				"down": {"uv": [0, 16, 16, 0], "texture": "#2"}
			}
		},
		{
			"name": "Cube",
			"from": [13.18013, 7.83744, 28.4],
			"to": [14.31987, 7.95104, 28.8],
			"rotation": {"angle": 0, "axis": "y", "origin": [0.09053, 13.5512, 4.6]},
			"faces": {
				"north": {"uv": [16, 0, 0, 16], "texture": "#2"},
				"east": {"uv": [16, 0, 0, 16], "texture": "#2"},
				"south": {"uv": [16, 0, 0, 16], "texture": "#2"},
				"west": {"uv": [16, 0, 0, 16], "texture": "#2"},
				"up": {"uv": [0, 16, 16, 0], "texture": "#2"},
				"down": {"uv": [0, 16, 16, 0], "texture": "#2"}
			}
		},
		{
			"name": "Cube",
			"from": [12.38013, 14.03744, 28.4],
			"to": [14.31987, 14.15104, 28.8],
			"rotation": {"angle": 0, "axis": "y", "origin": [0.09053, 19.7512, 4.6]},
			"faces": {
				"north": {"uv": [16, 0, 0, 16], "texture": "#2"},
				"east": {"uv": [16, 0, 0, 16], "texture": "#2"},
				"south": {"uv": [16, 0, 0, 16], "texture": "#2"},
				"west": {"uv": [16, 0, 0, 16], "texture": "#2"},
				"up": {"uv": [0, 16, 16, 0], "texture": "#2"},
				"down": {"uv": [0, 16, 16, 0], "texture": "#2"}
			}
		},
		{
			"name": "Cube",
			"from": [12.38013, 13.63744, 28.4],
			"to": [14.31987, 13.75104, 28.8],
			"rotation": {"angle": 0, "axis": "y", "origin": [0.09053, 19.3512, 4.6]},
			"faces": {
				"north": {"uv": [16, 0, 0, 16], "texture": "#2"},
				"east": {"uv": [16, 0, 0, 16], "texture": "#2"},
				"south": {"uv": [16, 0, 0, 16], "texture": "#2"},
				"west": {"uv": [16, 0, 0, 16], "texture": "#2"},
				"up": {"uv": [0, 16, 16, 0], "texture": "#2"},
				"down": {"uv": [0, 16, 16, 0], "texture": "#2"}
			}
		},
		{
			"name": "Cube",
			"from": [12.38013, 13.23744, 28.4],
			"to": [14.31987, 13.35104, 28.8],
			"rotation": {"angle": 0, "axis": "y", "origin": [0.09053, 18.9512, 4.6]},
			"faces": {
				"north": {"uv": [16, 0, 0, 16], "texture": "#2"},
				"east": {"uv": [16, 0, 0, 16], "texture": "#2"},
				"south": {"uv": [16, 0, 0, 16], "texture": "#2"},
				"west": {"uv": [16, 0, 0, 16], "texture": "#2"},
				"up": {"uv": [0, 16, 16, 0], "texture": "#2"},
				"down": {"uv": [0, 16, 16, 0], "texture": "#2"}
			}
		},
		{
			"name": "Cube",
			"from": [14.28013, 11.73744, 28.4],
			"to": [16.61987, 12.15104, 28.8],
			"rotation": {"angle": 0, "axis": "y", "origin": [1.39053, 17.4512, 4.6]},
			"faces": {
				"north": {"uv": [16, 0, 0, 16], "texture": "#2"},
				"east": {"uv": [16, 0, 0, 16], "texture": "#2"},
				"south": {"uv": [16, 0, 0, 16], "texture": "#2"},
				"west": {"uv": [16, 0, 0, 16], "texture": "#2"},
				"up": {"uv": [0, 16, 16, 0], "texture": "#2"},
				"down": {"uv": [0, 16, 16, 0], "texture": "#2"}
			}
		},
		{
			"name": "Cube",
			"from": [-0.61987, 11.73744, 28.4],
			"to": [1.71987, 12.15104, 28.8],
			"rotation": {"angle": 0, "axis": "y", "origin": [14.60947, 17.4512, 4.6]},
			"faces": {
				"north": {"uv": [0, 0, 16, 16], "texture": "#2"},
				"east": {"uv": [0, 0, 16, 16], "texture": "#2"},
				"south": {"uv": [0, 0, 16, 16], "texture": "#2"},
				"west": {"uv": [0, 0, 16, 16], "texture": "#2"},
				"up": {"uv": [16, 16, 0, 0], "texture": "#2"},
				"down": {"uv": [16, 16, 0, 0], "texture": "#2"}
			}
		},
		{
			"name": "Cube",
			"from": [11.58013, 11.33744, 28.4],
			"to": [11.81987, 12.45104, 28.9],
			"rotation": {"angle": 0, "axis": "y", "origin": [-3.10947, 17.4512, 4.6]},
			"faces": {
				"north": {"uv": [16, 0, 0, 16], "texture": "#2"},
				"east": {"uv": [16, 0, 0, 16], "texture": "#2"},
				"south": {"uv": [16, 0, 0, 16], "texture": "#2"},
				"west": {"uv": [16, 0, 0, 16], "texture": "#2"},
				"up": {"uv": [0, 16, 16, 0], "texture": "#2"},
				"down": {"uv": [0, 16, 16, 0], "texture": "#2"}
			}
		},
		{
			"name": "Cube",
			"from": [4.18013, 11.33744, 28.4],
			"to": [4.41987, 12.45104, 28.9],
			"rotation": {"angle": 0, "axis": "y", "origin": [19.10947, 17.4512, 4.6]},
			"faces": {
				"north": {"uv": [0, 0, 16, 16], "texture": "#2"},
				"east": {"uv": [0, 0, 16, 16], "texture": "#2"},
				"south": {"uv": [0, 0, 16, 16], "texture": "#2"},
				"west": {"uv": [0, 0, 16, 16], "texture": "#2"},
				"up": {"uv": [16, 16, 0, 0], "texture": "#2"},
				"down": {"uv": [16, 16, 0, 0], "texture": "#2"}
			}
		},
		{
			"name": "Cube",
			"from": [15.58013, 11.33744, 28.4],
			"to": [15.81987, 12.45104, 28.9],
			"rotation": {"angle": 0, "axis": "y", "origin": [0.89053, 17.4512, 4.6]},
			"faces": {
				"north": {"uv": [16, 0, 0, 16], "texture": "#2"},
				"east": {"uv": [16, 0, 0, 16], "texture": "#2"},
				"south": {"uv": [16, 0, 0, 16], "texture": "#2"},
				"west": {"uv": [16, 0, 0, 16], "texture": "#2"},
				"up": {"uv": [0, 16, 16, 0], "texture": "#2"},
				"down": {"uv": [0, 16, 16, 0], "texture": "#2"}
			}
		},
		{
			"name": "Cube",
			"from": [0.18013, 11.33744, 28.4],
			"to": [0.41987, 12.45104, 28.9],
			"rotation": {"angle": 0, "axis": "y", "origin": [15.10947, 17.4512, 4.6]},
			"faces": {
				"north": {"uv": [0, 0, 16, 16], "texture": "#2"},
				"east": {"uv": [0, 0, 16, 16], "texture": "#2"},
				"south": {"uv": [0, 0, 16, 16], "texture": "#2"},
				"west": {"uv": [0, 0, 16, 16], "texture": "#2"},
				"up": {"uv": [16, 16, 0, 0], "texture": "#2"},
				"down": {"uv": [16, 16, 0, 0], "texture": "#2"}
			}
		},
		{
			"name": "Cube",
			"from": [10.28013, 4.43744, 28.4],
			"to": [11.41987, 5.15104, 28.8],
			"rotation": {"angle": 0, "axis": "y", "origin": [-2.60947, 10.4512, 4.6]},
			"faces": {
				"north": {"uv": [16, 0, 0, 16], "texture": "#2"},
				"east": {"uv": [16, 0, 0, 16], "texture": "#2"},
				"south": {"uv": [16, 0, 0, 16], "texture": "#2"},
				"west": {"uv": [16, 0, 0, 16], "texture": "#2"},
				"up": {"uv": [0, 16, 16, 0], "texture": "#2"},
				"down": {"uv": [0, 16, 16, 0], "texture": "#2"}
			}
		},
		{
			"name": "Cube",
			"from": [4.58013, 4.43744, 28.4],
			"to": [5.71987, 5.15104, 28.8],
			"rotation": {"angle": 0, "axis": "y", "origin": [18.60947, 10.4512, 4.6]},
			"faces": {
				"north": {"uv": [0, 0, 16, 16], "texture": "#2"},
				"east": {"uv": [0, 0, 16, 16], "texture": "#2"},
				"south": {"uv": [0, 0, 16, 16], "texture": "#2"},
				"west": {"uv": [0, 0, 16, 16], "texture": "#2"},
				"up": {"uv": [16, 16, 0, 0], "texture": "#2"},
				"down": {"uv": [16, 16, 0, 0], "texture": "#2"}
			}
		},
		{
			"name": "Cube",
			"from": [14.28013, 4.43744, 28.4],
			"to": [15.41987, 5.15104, 28.8],
			"rotation": {"angle": 0, "axis": "y", "origin": [1.39053, 10.4512, 4.6]},
			"faces": {
				"north": {"uv": [16, 0, 0, 16], "texture": "#2"},
				"east": {"uv": [16, 0, 0, 16], "texture": "#2"},
				"south": {"uv": [16, 0, 0, 16], "texture": "#2"},
				"west": {"uv": [16, 0, 0, 16], "texture": "#2"},
				"up": {"uv": [0, 16, 16, 0], "texture": "#2"},
				"down": {"uv": [0, 16, 16, 0], "texture": "#2"}
			}
		},
		{
			"name": "Cube",
			"from": [0.58013, 4.43744, 28.4],
			"to": [1.71987, 5.15104, 28.8],
			"rotation": {"angle": 0, "axis": "y", "origin": [14.60947, 10.4512, 4.6]},
			"faces": {
				"north": {"uv": [0, 0, 16, 16], "texture": "#2"},
				"east": {"uv": [0, 0, 16, 16], "texture": "#2"},
				"south": {"uv": [0, 0, 16, 16], "texture": "#2"},
				"west": {"uv": [0, 0, 16, 16], "texture": "#2"},
				"up": {"uv": [16, 16, 0, 0], "texture": "#2"},
				"down": {"uv": [16, 16, 0, 0], "texture": "#2"}
			}
		},
		{
			"name": "Cube",
			"from": [17.29903, 2.85104, 28.07267],
			"to": [18.29903, 23.75104, 28.96367],
			"rotation": {"angle": 0, "axis": "y", "origin": [9.80672, 12.33907, 28.50769]},
			"faces": {
				"north": {"uv": [0, 0, 16, 16], "rotation": 90, "texture": "#1", "tintindex": 0},
				"east": {"uv": [0, 0, 16, 16], "rotation": 90, "texture": "#1", "tintindex": 0},
				"south": {"uv": [0, 0, 16, 16], "rotation": 90, "texture": "#1", "tintindex": 0},
				"west": {"uv": [0, 0, 16, 16], "rotation": 90, "texture": "#1", "tintindex": 0},
				"up": {"uv": [0, 0, 16, 16], "rotation": 180, "texture": "#1", "tintindex": 0},
				"down": {"uv": [0, 0, 16, 16], "texture": "#1", "tintindex": 0}
			}
		},
		{
			"name": "Cube",
			"from": [8.29903, 3.35104, 27.72025],
			"to": [17.39903, 23.33344, 28.61125],
			"rotation": {"angle": 0, "axis": "y", "origin": [9.80672, 12.33907, 28.50769]},
			"faces": {
				"north": {"uv": [1, 1, 15, 15], "texture": "#1", "tintindex": 0},
				"east": {"uv": [1, 1, 15, 15], "texture": "#1", "tintindex": 0},
				"south": {"uv": [1, 1, 15, 15], "rotation": 90, "texture": "#1", "tintindex": 0},
				"west": {"uv": [1, 1, 15, 15], "texture": "#1", "tintindex": 0},
				"up": {"uv": [1, 1, 15, 15], "rotation": 90, "texture": "#1", "tintindex": 0},
				"down": {"uv": [1, 1, 15, 15], "rotation": 270, "texture": "#1", "tintindex": 0}
			}
		},
		{
			"name": "Cube",
			"from": [15.49903, 3.35104, 28.62025],
			"to": [16.79903, 23.33344, 28.71125],
			"rotation": {"angle": 0, "axis": "y", "origin": [9.80672, 12.33907, 28.50769]},
			"faces": {
				"north": {"uv": [1, 1, 15, 15], "texture": "#1", "tintindex": 0},
				"east": {"uv": [1, 1, 15, 15], "texture": "#1", "tintindex": 0},
				"south": {"uv": [1, 1, 15, 15], "rotation": 90, "texture": "#1", "tintindex": 0},
				"west": {"uv": [1, 1, 15, 15], "texture": "#1", "tintindex": 0},
				"up": {"uv": [1, 1, 15, 15], "rotation": 90, "texture": "#1", "tintindex": 0},
				"down": {"uv": [1, 1, 15, 15], "rotation": 270, "texture": "#1", "tintindex": 0}
			}
		},
		{
			"name": "Cube",
			"from": [13.39903, 3.35104, 28.62025],
			"to": [14.69903, 23.33344, 28.71125],
			"rotation": {"angle": 0, "axis": "y", "origin": [9.80672, 12.33907, 28.50769]},
			"faces": {
				"north": {"uv": [1, 1, 15, 15], "texture": "#1", "tintindex": 0},
				"east": {"uv": [1, 1, 15, 15], "texture": "#1", "tintindex": 0},
				"south": {"uv": [1, 1, 15, 15], "rotation": 90, "texture": "#1", "tintindex": 0},
				"west": {"uv": [1, 1, 15, 15], "texture": "#1", "tintindex": 0},
				"up": {"uv": [1, 1, 15, 15], "rotation": 90, "texture": "#1", "tintindex": 0},
				"down": {"uv": [1, 1, 15, 15], "rotation": 270, "texture": "#1", "tintindex": 0}
			}
		},
		{
			"name": "Cube",
			"from": [11.39903, 3.35104, 28.62025],
			"to": [12.69903, 23.33344, 28.71125],
			"rotation": {"angle": 0, "axis": "y", "origin": [9.80672, 12.33907, 28.50769]},
			"faces": {
				"north": {"uv": [1, 1, 15, 15], "texture": "#1", "tintindex": 0},
				"east": {"uv": [1, 1, 15, 15], "texture": "#1", "tintindex": 0},
				"south": {"uv": [1, 1, 15, 15], "rotation": 90, "texture": "#1", "tintindex": 0},
				"west": {"uv": [1, 1, 15, 15], "texture": "#1", "tintindex": 0},
				"up": {"uv": [1, 1, 15, 15], "rotation": 90, "texture": "#1", "tintindex": 0},
				"down": {"uv": [1, 1, 15, 15], "rotation": 270, "texture": "#1", "tintindex": 0}
			}
		},
		{
			"name": "Cube",
			"from": [9.29903, 3.35104, 28.62025],
			"to": [10.59903, 23.33344, 28.71125],
			"rotation": {"angle": 0, "axis": "y", "origin": [9.80672, 12.33907, 28.50769]},
			"faces": {
				"north": {"uv": [1, 1, 15, 15], "texture": "#1", "tintindex": 0},
				"east": {"uv": [1, 1, 15, 15], "texture": "#1", "tintindex": 0},
				"south": {"uv": [1, 1, 15, 15], "rotation": 90, "texture": "#1", "tintindex": 0},
				"west": {"uv": [1, 1, 15, 15], "texture": "#1", "tintindex": 0},
				"up": {"uv": [1, 1, 15, 15], "rotation": 90, "texture": "#1", "tintindex": 0},
				"down": {"uv": [1, 1, 15, 15], "rotation": 270, "texture": "#1", "tintindex": 0}
			}
		},
		{
			"name": "Cube",
			"from": [8.29903, 22.75104, 27.52025],
			"to": [17.29903, 23.53344, 28.90405],
			"rotation": {"angle": 0, "axis": "y", "origin": [9.80672, 14.33907, 28.50769]},
			"faces": {
				"north": {"uv": [0, 0, 16, 16], "texture": "#1", "tintindex": 0},
				"east": {"uv": [0, 0, 16, 16], "texture": "#1", "tintindex": 0},
				"south": {"uv": [0, 0, 16, 16], "texture": "#1", "tintindex": 0},
				"west": {"uv": [0, 0, 16, 16], "texture": "#1", "tintindex": 0},
				"up": {"uv": [0, 0, 16, 16], "rotation": 90, "texture": "#1", "tintindex": 0},
				"down": {"uv": [0, 0, 16, 16], "rotation": 270, "texture": "#1", "tintindex": 0}
			}
		},
		{
			"name": "Cube",
			"from": [8.29903, 3.05104, 27.52025],
			"to": [17.29903, 3.83344, 28.90405],
			"rotation": {"angle": 0, "axis": "y", "origin": [9.80672, -5.36093, 28.50769]},
			"faces": {
				"north": {"uv": [0, 0, 16, 16], "texture": "#1", "tintindex": 0},
				"east": {"uv": [0, 0, 16, 16], "texture": "#1", "tintindex": 0},
				"south": {"uv": [0, 0, 16, 16], "texture": "#1", "tintindex": 0},
				"west": {"uv": [0, 0, 16, 16], "texture": "#1", "tintindex": 0},
				"up": {"uv": [0, 0, 16, 16], "rotation": 90, "texture": "#1", "tintindex": 0},
				"down": {"uv": [0, 0, 16, 16], "rotation": 270, "texture": "#1", "tintindex": 0}
			}
		},
		{
			"name": "Cube",
			"from": [7.29903, 3.15104, 27.52025],
			"to": [17.29903, 3.15104, 28.90405],
			"rotation": {"angle": 0, "axis": "y", "origin": [9.80672, 12.33907, 28.50769]},
			"faces": {
				"north": {"uv": [0, 0, 16, 16], "texture": "#1", "tintindex": 0},
				"east": {"uv": [0, 0, 16, 16], "texture": "#1", "tintindex": 0},
				"south": {"uv": [0, 0, 16, 16], "texture": "#1", "tintindex": 0},
				"west": {"uv": [0, 0, 16, 16], "texture": "#1", "tintindex": 0},
				"up": {"uv": [0, 0, 16, 16], "rotation": 90, "texture": "#1", "tintindex": 0},
				"down": {"uv": [0, 0, 16, 16], "rotation": 270, "texture": "#1", "tintindex": 0}
			}
		},
		{
			"name": "Cube",
			"from": [-2.29903, 2.85104, 28.07267],
			"to": [-1.29903, 23.75104, 28.96367],
			"rotation": {"angle": 0, "axis": "y", "origin": [6.19328, 12.33907, 28.50769]},
			"faces": {
				"north": {"uv": [0, 16, 16, 0], "rotation": 90, "texture": "#1", "tintindex": 0},
				"east": {"uv": [0, 16, 16, 0], "rotation": 90, "texture": "#1", "tintindex": 0},
				"south": {"uv": [0, 16, 16, 0], "rotation": 90, "texture": "#1", "tintindex": 0},
				"west": {"uv": [0, 16, 16, 0], "rotation": 90, "texture": "#1", "tintindex": 0},
				"up": {"uv": [16, 0, 0, 16], "rotation": 180, "texture": "#1", "tintindex": 0},
				"down": {"uv": [16, 0, 0, 16], "texture": "#1", "tintindex": 0}
			}
		},
		{
			"name": "Cube",
			"from": [8.00097, 2.95104, 28.07267],
			"to": [8.60097, 23.55104, 28.96367],
			"rotation": {"angle": 0, "axis": "y", "origin": [16.09328, 12.33907, 28.50769]},
			"faces": {
				"north": {"uv": [0, 16, 16, 0], "rotation": 90, "texture": "#1", "tintindex": 0},
				"east": {"uv": [0, 16, 16, 0], "rotation": 90, "texture": "#1", "tintindex": 0},
				"south": {"uv": [0, 16, 16, 0], "rotation": 90, "texture": "#1", "tintindex": 0},
				"west": {"uv": [0, 16, 16, 0], "rotation": 90, "texture": "#1", "tintindex": 0},
				"up": {"uv": [16, 0, 0, 16], "rotation": 180, "texture": "#1", "tintindex": 0},
				"down": {"uv": [16, 0, 0, 16], "texture": "#1", "tintindex": 0}
			}
		},
		{
			"name": "Cube",
			"from": [7.39903, 2.95104, 28.07267],
			"to": [7.99903, 23.55104, 28.96367],
			"rotation": {"angle": 0, "axis": "y", "origin": [-0.09328, 12.33907, 28.50769]},
			"faces": {
				"north": {"uv": [0, 0, 16, 16], "rotation": 90, "texture": "#1", "tintindex": 0},
				"east": {"uv": [0, 0, 16, 16], "rotation": 90, "texture": "#1", "tintindex": 0},
				"south": {"uv": [0, 0, 16, 16], "rotation": 90, "texture": "#1", "tintindex": 0},
				"west": {"uv": [0, 0, 16, 16], "rotation": 90, "texture": "#1", "tintindex": 0},
				"up": {"uv": [0, 0, 16, 16], "rotation": 180, "texture": "#1", "tintindex": 0},
				"down": {"uv": [0, 0, 16, 16], "texture": "#1", "tintindex": 0}
			}
		},
		{
			"name": "Cube",
			"from": [-1.39903, 3.35104, 27.72025],
			"to": [7.70097, 23.33344, 28.61125],
			"rotation": {"angle": 0, "axis": "y", "origin": [6.19328, 12.33907, 28.50769]},
			"faces": {
				"north": {"uv": [15, 1, 1, 15], "texture": "#1", "tintindex": 0},
				"east": {"uv": [15, 1, 1, 15], "texture": "#1", "tintindex": 0},
				"south": {"uv": [1, 15, 15, 1], "rotation": 90, "texture": "#1", "tintindex": 0},
				"west": {"uv": [15, 1, 1, 15], "texture": "#1", "tintindex": 0},
				"up": {"uv": [1, 15, 15, 1], "rotation": 90, "texture": "#1", "tintindex": 0},
				"down": {"uv": [1, 15, 15, 1], "rotation": 270, "texture": "#1", "tintindex": 0}
			}
		},
		{
			"name": "Cube",
			"from": [-0.79903, 3.35104, 28.62025],
			"to": [0.50097, 23.33344, 28.71125],
			"rotation": {"angle": 0, "axis": "y", "origin": [6.19328, 12.33907, 28.50769]},
			"faces": {
				"north": {"uv": [15, 1, 1, 15], "texture": "#1", "tintindex": 0},
				"east": {"uv": [15, 1, 1, 15], "texture": "#1", "tintindex": 0},
				"south": {"uv": [1, 15, 15, 1], "rotation": 90, "texture": "#1", "tintindex": 0},
				"west": {"uv": [15, 1, 1, 15], "texture": "#1", "tintindex": 0},
				"up": {"uv": [1, 15, 15, 1], "rotation": 90, "texture": "#1", "tintindex": 0},
				"down": {"uv": [1, 15, 15, 1], "rotation": 270, "texture": "#1", "tintindex": 0}
			}
		},
		{
			"name": "Cube",
			"from": [1.30097, 3.35104, 28.62025],
			"to": [2.60097, 23.33344, 28.71125],
			"rotation": {"angle": 0, "axis": "y", "origin": [6.19328, 12.33907, 28.50769]},
			"faces": {
				"north": {"uv": [15, 1, 1, 15], "texture": "#1", "tintindex": 0},
				"east": {"uv": [15, 1, 1, 15], "texture": "#1", "tintindex": 0},
				"south": {"uv": [1, 15, 15, 1], "rotation": 90, "texture": "#1", "tintindex": 0},
				"west": {"uv": [15, 1, 1, 15], "texture": "#1", "tintindex": 0},
				"up": {"uv": [1, 15, 15, 1], "rotation": 90, "texture": "#1", "tintindex": 0},
				"down": {"uv": [1, 15, 15, 1], "rotation": 270, "texture": "#1", "tintindex": 0}
			}
		},
		{
			"name": "Cube",
			"from": [3.30097, 3.35104, 28.62025],
			"to": [4.60097, 23.33344, 28.71125],
			"rotation": {"angle": 0, "axis": "y", "origin": [6.19328, 12.33907, 28.50769]},
			"faces": {
				"north": {"uv": [15, 1, 1, 15], "texture": "#1", "tintindex": 0},
				"east": {"uv": [15, 1, 1, 15], "texture": "#1", "tintindex": 0},
				"south": {"uv": [1, 15, 15, 1], "rotation": 90, "texture": "#1", "tintindex": 0},
				"west": {"uv": [15, 1, 1, 15], "texture": "#1", "tintindex": 0},
				"up": {"uv": [1, 15, 15, 1], "rotation": 90, "texture": "#1", "tintindex": 0},
				"down": {"uv": [1, 15, 15, 1], "rotation": 270, "texture": "#1", "tintindex": 0}
			}
		},
		{
			"name": "Cube",
			"from": [5.40097, 3.35104, 28.62025],
			"to": [6.70097, 23.33344, 28.71125],
			"rotation": {"angle": 0, "axis": "y", "origin": [6.19328, 12.33907, 28.50769]},
			"faces": {
				"north": {"uv": [15, 1, 1, 15], "texture": "#1", "tintindex": 0},
				"east": {"uv": [15, 1, 1, 15], "texture": "#1", "tintindex": 0},
				"south": {"uv": [1, 15, 15, 1], "rotation": 90, "texture": "#1", "tintindex": 0},
				"west": {"uv": [15, 1, 1, 15], "texture": "#1", "tintindex": 0},
				"up": {"uv": [1, 15, 15, 1], "rotation": 90, "texture": "#1", "tintindex": 0},
				"down": {"uv": [1, 15, 15, 1], "rotation": 270, "texture": "#1", "tintindex": 0}
			}
		},
		{
			"name": "Cube",
			"from": [-1.29903, 22.75104, 27.52025],
			"to": [7.70097, 23.53344, 28.90405],
			"rotation": {"angle": 0, "axis": "y", "origin": [6.19328, 14.33907, 28.50769]},
			"faces": {
				"north": {"uv": [16, 0, 0, 16], "texture": "#1", "tintindex": 0},
				"east": {"uv": [16, 0, 0, 16], "texture": "#1", "tintindex": 0},
				"south": {"uv": [16, 0, 0, 16], "texture": "#1", "tintindex": 0},
				"west": {"uv": [16, 0, 0, 16], "texture": "#1", "tintindex": 0},
				"up": {"uv": [0, 16, 16, 0], "rotation": 90, "texture": "#1", "tintindex": 0},
				"down": {"uv": [0, 16, 16, 0], "rotation": 270, "texture": "#1", "tintindex": 0}
			}
		},
		{
			"name": "Cube",
			"from": [-1.29903, 3.05104, 27.52025],
			"to": [7.70097, 3.83344, 28.90405],
			"rotation": {"angle": 0, "axis": "y", "origin": [6.19328, -5.36093, 28.50769]},
			"faces": {
				"north": {"uv": [16, 0, 0, 16], "texture": "#1", "tintindex": 0},
				"east": {"uv": [16, 0, 0, 16], "texture": "#1", "tintindex": 0},
				"south": {"uv": [16, 0, 0, 16], "texture": "#1", "tintindex": 0},
				"west": {"uv": [16, 0, 0, 16], "texture": "#1", "tintindex": 0},
				"up": {"uv": [0, 16, 16, 0], "rotation": 90, "texture": "#1", "tintindex": 0},
				"down": {"uv": [0, 16, 16, 0], "rotation": 270, "texture": "#1", "tintindex": 0}
			}
		},
		{
			"name": "Cube",
			"from": [-1.29903, 3.15104, 27.52025],
			"to": [8.70097, 3.15104, 28.90405],
			"rotation": {"angle": 0, "axis": "y", "origin": [6.19328, 12.33907, 28.50769]},
			"faces": {
				"north": {"uv": [16, 0, 0, 16], "texture": "#1", "tintindex": 0},
				"east": {"uv": [16, 0, 0, 16], "texture": "#1", "tintindex": 0},
				"south": {"uv": [16, 0, 0, 16], "texture": "#1", "tintindex": 0},
				"west": {"uv": [16, 0, 0, 16], "texture": "#1", "tintindex": 0},
				"up": {"uv": [0, 16, 16, 0], "rotation": 90, "texture": "#1", "tintindex": 0},
				"down": {"uv": [0, 16, 16, 0], "rotation": 270, "texture": "#1", "tintindex": 0}
			}
		},
		{
			"name": "Cube",
			"from": [-1.4912, 22.52174, 19.6],
			"to": [17.4912, 23.41274, 27.7],
			"rotation": {"angle": 0, "axis": "z", "origin": [7.5, 23.34224, 24.2]},
			"faces": {
				"north": {"uv": [15, 15, 1, 1], "rotation": 90, "texture": "#1", "tintindex": 0},
				"east": {"uv": [15, 15, 1, 1], "rotation": 90, "texture": "#1", "tintindex": 0},
				"south": {"uv": [15, 15, 1, 1], "rotation": 270, "texture": "#1", "tintindex": 0},
				"west": {"uv": [15, 15, 1, 1], "rotation": 90, "texture": "#1", "tintindex": 0},
				"up": {"uv": [1, 1, 15, 15], "rotation": 180, "texture": "#1", "tintindex": 0},
				"down": {"uv": [1, 1, 15, 15], "rotation": 90, "texture": "#1", "tintindex": 0}
			}
		},
		{
			"name": "Cube",
			"from": [-1.4912, 22.52174, 11.6],
			"to": [17.4912, 23.41274, 19.7],
			"rotation": {"angle": 0, "axis": "z", "origin": [7.5, 23.34224, 16.2]},
			"faces": {
				"north": {"uv": [15, 15, 1, 1], "rotation": 90, "texture": "#1", "tintindex": 0},
				"east": {"uv": [15, 15, 1, 1], "rotation": 90, "texture": "#1", "tintindex": 0},
				"south": {"uv": [15, 15, 1, 1], "rotation": 270, "texture": "#1", "tintindex": 0},
				"west": {"uv": [15, 15, 1, 1], "rotation": 90, "texture": "#1", "tintindex": 0},
				"up": {"uv": [1, 1, 15, 15], "rotation": 180, "texture": "#1", "tintindex": 0},
				"down": {"uv": [1, 1, 15, 15], "rotation": 90, "texture": "#1", "tintindex": 0}
			}
		},
		{
			"name": "Cube",
			"from": [-1.4912, 22.52174, 3.6],
			"to": [17.4912, 23.41274, 11.7],
			"rotation": {"angle": 0, "axis": "z", "origin": [7.5, 23.34224, 8.2]},
			"faces": {
				"north": {"uv": [15, 15, 1, 1], "rotation": 90, "texture": "#1", "tintindex": 0},
				"east": {"uv": [15, 15, 1, 1], "rotation": 90, "texture": "#1", "tintindex": 0},
				"south": {"uv": [15, 15, 1, 1], "rotation": 270, "texture": "#1", "tintindex": 0},
				"west": {"uv": [15, 15, 1, 1], "rotation": 90, "texture": "#1", "tintindex": 0},
				"up": {"uv": [1, 1, 15, 15], "rotation": 180, "texture": "#1", "tintindex": 0},
				"down": {"uv": [1, 1, 15, 15], "rotation": 90, "texture": "#1", "tintindex": 0}
			}
		},
		{
			"name": "Cube",
			"from": [-1.4912, 22.52174, -4.4],
			"to": [17.4912, 23.41274, 3.7],
			"rotation": {"angle": 0, "axis": "z", "origin": [7.5, 23.34224, 0.2]},
			"faces": {
				"north": {"uv": [15, 15, 1, 1], "rotation": 90, "texture": "#1", "tintindex": 0},
				"east": {"uv": [15, 15, 1, 1], "rotation": 90, "texture": "#1", "tintindex": 0},
				"south": {"uv": [15, 15, 1, 1], "rotation": 270, "texture": "#1", "tintindex": 0},
				"west": {"uv": [15, 15, 1, 1], "rotation": 90, "texture": "#1", "tintindex": 0},
				"up": {"uv": [1, 1, 15, 15], "rotation": 180, "texture": "#1", "tintindex": 0},
				"down": {"uv": [1, 1, 15, 15], "rotation": 90, "texture": "#1", "tintindex": 0}
			}
		},
		{
			"name": "Cube",
			"from": [-1.4912, 22.52174, -12],
			"to": [17.4912, 23.41274, -4.3],
			"rotation": {"angle": 0, "axis": "z", "origin": [7.5, 23.34224, -7.8]},
			"faces": {
				"north": {"uv": [15, 15, 1, 1], "rotation": 90, "texture": "#1", "tintindex": 0},
				"east": {"uv": [15, 15, 1, 1], "rotation": 90, "texture": "#1", "tintindex": 0},
				"south": {"uv": [15, 15, 1, 1], "rotation": 270, "texture": "#1", "tintindex": 0},
				"west": {"uv": [15, 15, 1, 1], "rotation": 90, "texture": "#1", "tintindex": 0},
				"up": {"uv": [1, 1, 15, 15], "rotation": 180, "texture": "#1", "tintindex": 0},
				"down": {"uv": [1, 1, 15, 15], "rotation": 90, "texture": "#1", "tintindex": 0}
			}
		},
		{
			"name": "Cube",
			"from": [-1.4912, 23.42174, 21.7],
			"to": [17.4912, 23.51274, 23],
			"rotation": {"angle": 0, "axis": "z", "origin": [7.5, 23.34224, 24.2]},
			"faces": {
				"north": {"uv": [15, 15, 1, 1], "rotation": 90, "texture": "#1", "tintindex": 0},
				"east": {"uv": [15, 15, 1, 1], "rotation": 90, "texture": "#1", "tintindex": 0},
				"south": {"uv": [15, 15, 1, 1], "rotation": 270, "texture": "#1", "tintindex": 0},
				"west": {"uv": [15, 15, 1, 1], "rotation": 90, "texture": "#1", "tintindex": 0},
				"up": {"uv": [1, 1, 15, 15], "rotation": 180, "texture": "#1", "tintindex": 0},
				"down": {"uv": [1, 1, 15, 15], "rotation": 90, "texture": "#1", "tintindex": 0}
			}
		},
		{
			"name": "Cube",
			"from": [-1.4912, 23.42174, 13.7],
			"to": [17.4912, 23.51274, 15],
			"rotation": {"angle": 0, "axis": "z", "origin": [7.5, 23.34224, 16.2]},
			"faces": {
				"north": {"uv": [15, 15, 1, 1], "rotation": 90, "texture": "#1", "tintindex": 0},
				"east": {"uv": [15, 15, 1, 1], "rotation": 90, "texture": "#1", "tintindex": 0},
				"south": {"uv": [15, 15, 1, 1], "rotation": 270, "texture": "#1", "tintindex": 0},
				"west": {"uv": [15, 15, 1, 1], "rotation": 90, "texture": "#1", "tintindex": 0},
				"up": {"uv": [1, 1, 15, 15], "rotation": 180, "texture": "#1", "tintindex": 0},
				"down": {"uv": [1, 1, 15, 15], "rotation": 90, "texture": "#1", "tintindex": 0}
			}
		},
		{
			"name": "Cube",
			"from": [-1.4912, 23.42174, 5.7],
			"to": [17.4912, 23.51274, 7],
			"rotation": {"angle": 0, "axis": "z", "origin": [7.5, 23.34224, 8.2]},
			"faces": {
				"north": {"uv": [15, 15, 1, 1], "rotation": 90, "texture": "#1", "tintindex": 0},
				"east": {"uv": [15, 15, 1, 1], "rotation": 90, "texture": "#1", "tintindex": 0},
				"south": {"uv": [15, 15, 1, 1], "rotation": 270, "texture": "#1", "tintindex": 0},
				"west": {"uv": [15, 15, 1, 1], "rotation": 90, "texture": "#1", "tintindex": 0},
				"up": {"uv": [1, 1, 15, 15], "rotation": 180, "texture": "#1", "tintindex": 0},
				"down": {"uv": [1, 1, 15, 15], "rotation": 90, "texture": "#1", "tintindex": 0}
			}
		},
		{
			"name": "Cube",
			"from": [-1.4912, 23.42174, -2.3],
			"to": [17.4912, 23.51274, -1],
			"rotation": {"angle": 0, "axis": "z", "origin": [7.5, 23.34224, 0.2]},
			"faces": {
				"north": {"uv": [15, 15, 1, 1], "rotation": 90, "texture": "#1", "tintindex": 0},
				"east": {"uv": [15, 15, 1, 1], "rotation": 90, "texture": "#1", "tintindex": 0},
				"south": {"uv": [15, 15, 1, 1], "rotation": 270, "texture": "#1", "tintindex": 0},
				"west": {"uv": [15, 15, 1, 1], "rotation": 90, "texture": "#1", "tintindex": 0},
				"up": {"uv": [1, 1, 15, 15], "rotation": 180, "texture": "#1", "tintindex": 0},
				"down": {"uv": [1, 1, 15, 15], "rotation": 90, "texture": "#1", "tintindex": 0}
			}
		},
		{
			"name": "Cube",
			"from": [-1.4912, 23.42174, -10.3],
			"to": [17.4912, 23.51274, -9],
			"rotation": {"angle": 0, "axis": "z", "origin": [7.5, 23.34224, -7.8]},
			"faces": {
				"north": {"uv": [15, 15, 1, 1], "rotation": 90, "texture": "#1", "tintindex": 0},
				"east": {"uv": [15, 15, 1, 1], "rotation": 90, "texture": "#1", "tintindex": 0},
				"south": {"uv": [15, 15, 1, 1], "rotation": 270, "texture": "#1", "tintindex": 0},
				"west": {"uv": [15, 15, 1, 1], "rotation": 90, "texture": "#1", "tintindex": 0},
				"up": {"uv": [1, 1, 15, 15], "rotation": 180, "texture": "#1", "tintindex": 0},
				"down": {"uv": [1, 1, 15, 15], "rotation": 90, "texture": "#1", "tintindex": 0}
			}
		},
		{
			"name": "Cube",
			"from": [-1.4912, 23.42174, 19.8],
			"to": [17.4912, 23.51274, 21.1],
			"rotation": {"angle": 0, "axis": "z", "origin": [7.5, 23.34224, 22.3]},
			"faces": {
				"north": {"uv": [15, 15, 1, 1], "rotation": 90, "texture": "#1", "tintindex": 0},
				"east": {"uv": [15, 15, 1, 1], "rotation": 90, "texture": "#1", "tintindex": 0},
				"south": {"uv": [15, 15, 1, 1], "rotation": 270, "texture": "#1", "tintindex": 0},
				"west": {"uv": [15, 15, 1, 1], "rotation": 90, "texture": "#1", "tintindex": 0},
				"up": {"uv": [1, 1, 15, 15], "rotation": 180, "texture": "#1", "tintindex": 0},
				"down": {"uv": [1, 1, 15, 15], "rotation": 90, "texture": "#1", "tintindex": 0}
			}
		},
		{
			"name": "Cube",
			"from": [-1.4912, 23.42174, 11.8],
			"to": [17.4912, 23.51274, 13.1],
			"rotation": {"angle": 0, "axis": "z", "origin": [7.5, 23.34224, 14.3]},
			"faces": {
				"north": {"uv": [15, 15, 1, 1], "rotation": 90, "texture": "#1", "tintindex": 0},
				"east": {"uv": [15, 15, 1, 1], "rotation": 90, "texture": "#1", "tintindex": 0},
				"south": {"uv": [15, 15, 1, 1], "rotation": 270, "texture": "#1", "tintindex": 0},
				"west": {"uv": [15, 15, 1, 1], "rotation": 90, "texture": "#1", "tintindex": 0},
				"up": {"uv": [1, 1, 15, 15], "rotation": 180, "texture": "#1", "tintindex": 0},
				"down": {"uv": [1, 1, 15, 15], "rotation": 90, "texture": "#1", "tintindex": 0}
			}
		},
		{
			"name": "Cube",
			"from": [-1.4912, 23.42174, 3.8],
			"to": [17.4912, 23.51274, 5.1],
			"rotation": {"angle": 0, "axis": "z", "origin": [7.5, 23.34224, 6.3]},
			"faces": {
				"north": {"uv": [15, 15, 1, 1], "rotation": 90, "texture": "#1", "tintindex": 0},
				"east": {"uv": [15, 15, 1, 1], "rotation": 90, "texture": "#1", "tintindex": 0},
				"south": {"uv": [15, 15, 1, 1], "rotation": 270, "texture": "#1", "tintindex": 0},
				"west": {"uv": [15, 15, 1, 1], "rotation": 90, "texture": "#1", "tintindex": 0},
				"up": {"uv": [1, 1, 15, 15], "rotation": 180, "texture": "#1", "tintindex": 0},
				"down": {"uv": [1, 1, 15, 15], "rotation": 90, "texture": "#1", "tintindex": 0}
			}
		},
		{
			"name": "Cube",
			"from": [-1.4912, 23.42174, -4.2],
			"to": [17.4912, 23.51274, -2.9],
			"rotation": {"angle": 0, "axis": "z", "origin": [7.5, 23.34224, -1.7]},
			"faces": {
				"north": {"uv": [15, 15, 1, 1], "rotation": 90, "texture": "#1", "tintindex": 0},
				"east": {"uv": [15, 15, 1, 1], "rotation": 90, "texture": "#1", "tintindex": 0},
				"south": {"uv": [15, 15, 1, 1], "rotation": 270, "texture": "#1", "tintindex": 0},
				"west": {"uv": [15, 15, 1, 1], "rotation": 90, "texture": "#1", "tintindex": 0},
				"up": {"uv": [1, 1, 15, 15], "rotation": 180, "texture": "#1", "tintindex": 0},
				"down": {"uv": [1, 1, 15, 15], "rotation": 90, "texture": "#1", "tintindex": 0}
			}
		},
		{
			"name": "Cube",
			"from": [-1.4912, 23.42174, -12],
			"to": [17.4912, 23.51274, -10.9],
			"rotation": {"angle": 0, "axis": "z", "origin": [7.5, 23.34224, -9.7]},
			"faces": {
				"north": {"uv": [15, 15, 1, 1], "rotation": 90, "texture": "#1", "tintindex": 0},
				"east": {"uv": [15, 15, 1, 1], "rotation": 90, "texture": "#1", "tintindex": 0},
				"south": {"uv": [15, 15, 1, 1], "rotation": 270, "texture": "#1", "tintindex": 0},
				"west": {"uv": [15, 15, 1, 1], "rotation": 90, "texture": "#1", "tintindex": 0},
				"up": {"uv": [1, 1, 15, 15], "rotation": 180, "texture": "#1", "tintindex": 0},
				"down": {"uv": [1, 1, 15, 15], "rotation": 90, "texture": "#1", "tintindex": 0}
			}
		},
		{
			"name": "Cube",
			"from": [-1.4912, 23.42174, 23.7],
			"to": [17.4912, 23.51274, 25],
			"rotation": {"angle": 0, "axis": "z", "origin": [7.5, 23.34224, 24.2]},
			"faces": {
				"north": {"uv": [15, 15, 1, 1], "rotation": 90, "texture": "#1", "tintindex": 0},
				"east": {"uv": [15, 15, 1, 1], "rotation": 90, "texture": "#1", "tintindex": 0},
				"south": {"uv": [15, 15, 1, 1], "rotation": 270, "texture": "#1", "tintindex": 0},
				"west": {"uv": [15, 15, 1, 1], "rotation": 90, "texture": "#1", "tintindex": 0},
				"up": {"uv": [1, 1, 15, 15], "rotation": 180, "texture": "#1", "tintindex": 0},
				"down": {"uv": [1, 1, 15, 15], "rotation": 90, "texture": "#1", "tintindex": 0}
			}
		},
		{
			"name": "Cube",
			"from": [-1.4912, 23.42174, 15.7],
			"to": [17.4912, 23.51274, 17],
			"rotation": {"angle": 0, "axis": "z", "origin": [7.5, 23.34224, 16.2]},
			"faces": {
				"north": {"uv": [15, 15, 1, 1], "rotation": 90, "texture": "#1", "tintindex": 0},
				"east": {"uv": [15, 15, 1, 1], "rotation": 90, "texture": "#1", "tintindex": 0},
				"south": {"uv": [15, 15, 1, 1], "rotation": 270, "texture": "#1", "tintindex": 0},
				"west": {"uv": [15, 15, 1, 1], "rotation": 90, "texture": "#1", "tintindex": 0},
				"up": {"uv": [1, 1, 15, 15], "rotation": 180, "texture": "#1", "tintindex": 0},
				"down": {"uv": [1, 1, 15, 15], "rotation": 90, "texture": "#1", "tintindex": 0}
			}
		},
		{
			"name": "Cube",
			"from": [-1.4912, 23.42174, 7.7],
			"to": [17.4912, 23.51274, 9],
			"rotation": {"angle": 0, "axis": "z", "origin": [7.5, 23.34224, 8.2]},
			"faces": {
				"north": {"uv": [15, 15, 1, 1], "rotation": 90, "texture": "#1", "tintindex": 0},
				"east": {"uv": [15, 15, 1, 1], "rotation": 90, "texture": "#1", "tintindex": 0},
				"south": {"uv": [15, 15, 1, 1], "rotation": 270, "texture": "#1", "tintindex": 0},
				"west": {"uv": [15, 15, 1, 1], "rotation": 90, "texture": "#1", "tintindex": 0},
				"up": {"uv": [1, 1, 15, 15], "rotation": 180, "texture": "#1", "tintindex": 0},
				"down": {"uv": [1, 1, 15, 15], "rotation": 90, "texture": "#1", "tintindex": 0}
			}
		},
		{
			"name": "Cube",
			"from": [-1.4912, 23.42174, -0.3],
			"to": [17.4912, 23.51274, 1],
			"rotation": {"angle": 0, "axis": "z", "origin": [7.5, 23.34224, 0.2]},
			"faces": {
				"north": {"uv": [15, 15, 1, 1], "rotation": 90, "texture": "#1", "tintindex": 0},
				"east": {"uv": [15, 15, 1, 1], "rotation": 90, "texture": "#1", "tintindex": 0},
				"south": {"uv": [15, 15, 1, 1], "rotation": 270, "texture": "#1", "tintindex": 0},
				"west": {"uv": [15, 15, 1, 1], "rotation": 90, "texture": "#1", "tintindex": 0},
				"up": {"uv": [1, 1, 15, 15], "rotation": 180, "texture": "#1", "tintindex": 0},
				"down": {"uv": [1, 1, 15, 15], "rotation": 90, "texture": "#1", "tintindex": 0}
			}
		},
		{
			"name": "Cube",
			"from": [-1.4912, 23.42174, -8.3],
			"to": [17.4912, 23.51274, -7],
			"rotation": {"angle": 0, "axis": "z", "origin": [7.5, 23.34224, -7.8]},
			"faces": {
				"north": {"uv": [15, 15, 1, 1], "rotation": 90, "texture": "#1", "tintindex": 0},
				"east": {"uv": [15, 15, 1, 1], "rotation": 90, "texture": "#1", "tintindex": 0},
				"south": {"uv": [15, 15, 1, 1], "rotation": 270, "texture": "#1", "tintindex": 0},
				"west": {"uv": [15, 15, 1, 1], "rotation": 90, "texture": "#1", "tintindex": 0},
				"up": {"uv": [1, 1, 15, 15], "rotation": 180, "texture": "#1", "tintindex": 0},
				"down": {"uv": [1, 1, 15, 15], "rotation": 90, "texture": "#1", "tintindex": 0}
			}
		},
		{
			"name": "Cube",
			"from": [-1.4912, 23.42174, 25.8],
			"to": [17.4912, 23.51274, 27.1],
			"rotation": {"angle": 0, "axis": "z", "origin": [7.5, 23.34224, 24.2]},
			"faces": {
				"north": {"uv": [15, 15, 1, 1], "rotation": 90, "texture": "#1", "tintindex": 0},
				"east": {"uv": [15, 15, 1, 1], "rotation": 90, "texture": "#1", "tintindex": 0},
				"south": {"uv": [15, 15, 1, 1], "rotation": 270, "texture": "#1", "tintindex": 0},
				"west": {"uv": [15, 15, 1, 1], "rotation": 90, "texture": "#1", "tintindex": 0},
				"up": {"uv": [1, 1, 15, 15], "rotation": 180, "texture": "#1", "tintindex": 0},
				"down": {"uv": [1, 1, 15, 15], "rotation": 90, "texture": "#1", "tintindex": 0}
			}
		},
		{
			"name": "Cube",
			"from": [-1.4912, 23.42174, 17.8],
			"to": [17.4912, 23.51274, 19.1],
			"rotation": {"angle": 0, "axis": "z", "origin": [7.5, 23.34224, 16.2]},
			"faces": {
				"north": {"uv": [15, 15, 1, 1], "rotation": 90, "texture": "#1", "tintindex": 0},
				"east": {"uv": [15, 15, 1, 1], "rotation": 90, "texture": "#1", "tintindex": 0},
				"south": {"uv": [15, 15, 1, 1], "rotation": 270, "texture": "#1", "tintindex": 0},
				"west": {"uv": [15, 15, 1, 1], "rotation": 90, "texture": "#1", "tintindex": 0},
				"up": {"uv": [1, 1, 15, 15], "rotation": 180, "texture": "#1", "tintindex": 0},
				"down": {"uv": [1, 1, 15, 15], "rotation": 90, "texture": "#1", "tintindex": 0}
			}
		},
		{
			"name": "Cube",
			"from": [-1.4912, 23.42174, 9.8],
			"to": [17.4912, 23.51274, 11.1],
			"rotation": {"angle": 0, "axis": "z", "origin": [7.5, 23.34224, 8.2]},
			"faces": {
				"north": {"uv": [15, 15, 1, 1], "rotation": 90, "texture": "#1", "tintindex": 0},
				"east": {"uv": [15, 15, 1, 1], "rotation": 90, "texture": "#1", "tintindex": 0},
				"south": {"uv": [15, 15, 1, 1], "rotation": 270, "texture": "#1", "tintindex": 0},
				"west": {"uv": [15, 15, 1, 1], "rotation": 90, "texture": "#1", "tintindex": 0},
				"up": {"uv": [1, 1, 15, 15], "rotation": 180, "texture": "#1", "tintindex": 0},
				"down": {"uv": [1, 1, 15, 15], "rotation": 90, "texture": "#1", "tintindex": 0}
			}
		},
		{
			"name": "Cube",
			"from": [-1.4912, 23.42174, 1.8],
			"to": [17.4912, 23.51274, 3.1],
			"rotation": {"angle": 0, "axis": "z", "origin": [7.5, 23.34224, 0.2]},
			"faces": {
				"north": {"uv": [15, 15, 1, 1], "rotation": 90, "texture": "#1", "tintindex": 0},
				"east": {"uv": [15, 15, 1, 1], "rotation": 90, "texture": "#1", "tintindex": 0},
				"south": {"uv": [15, 15, 1, 1], "rotation": 270, "texture": "#1", "tintindex": 0},
				"west": {"uv": [15, 15, 1, 1], "rotation": 90, "texture": "#1", "tintindex": 0},
				"up": {"uv": [1, 1, 15, 15], "rotation": 180, "texture": "#1", "tintindex": 0},
				"down": {"uv": [1, 1, 15, 15], "rotation": 90, "texture": "#1", "tintindex": 0}
			}
		},
		{
			"name": "Cube",
			"from": [-1.4912, 23.42174, -6.2],
			"to": [17.4912, 23.51274, -4.9],
			"rotation": {"angle": 0, "axis": "z", "origin": [7.5, 23.34224, -7.8]},
			"faces": {
				"north": {"uv": [15, 15, 1, 1], "rotation": 90, "texture": "#1", "tintindex": 0},
				"east": {"uv": [15, 15, 1, 1], "rotation": 90, "texture": "#1", "tintindex": 0},
				"south": {"uv": [15, 15, 1, 1], "rotation": 270, "texture": "#1", "tintindex": 0},
				"west": {"uv": [15, 15, 1, 1], "rotation": 90, "texture": "#1", "tintindex": 0},
				"up": {"uv": [1, 1, 15, 15], "rotation": 180, "texture": "#1", "tintindex": 0},
				"down": {"uv": [1, 1, 15, 15], "rotation": 90, "texture": "#1", "tintindex": 0}
			}
		}
	],
	"display": {
		"head": {
			"translation": [0, -15, 80],
			"scale": [4, 4, 4]
		}
	},
	"groups": [0, 1, 2, 3, 4, 5, 6, 7, 8, 9, 10, 11, 12, 13, 14, 15, 16, 17, 18, 19,
		{
			"name": "buffer",
			"origin": [8, 8, 8],
			"children": [
				{
					"name": "BaseColor",
					"origin": [13.45, 14.876, 18.7],
					"children": []
				},
				{
					"name": "DetailColor",
					"origin": [8, 5.376, 38.7],
					"children": []
				},
				{
					"name": "Base",
					"origin": [8, 7.376, 18.8],
					"children": [
						{
							"name": "group",
							"origin": [9.2576, 9.6912, 12.8],
							"children": []
						}
					]
				}
			]
		},
		{
			"name": "buffer",
			"origin": [8, 8, 8],
			"children": [
				{
					"name": "BaseColor",
					"origin": [13.45, 14.876, 18.7],
					"children": []
				},
				{
					"name": "DetailColor",
					"origin": [8, 5.376, 38.7],
					"children": []
				},
				{
					"name": "Base",
					"origin": [8, 7.376, 18.8],
					"children": [20, 21, 22,
						{
							"name": "group",
							"origin": [9.2576, 9.6912, 12.8],
							"children": [23, 24, 25, 26]
						}
					]
				}
			]
		},
		{
			"name": "Container wall",
			"origin": [8.67288, 0.6512, 13.4],
			"children": [27, 28, 29, 30, 31, 32, 33, 34, 35, 36, 37, 38, 39, 40, 41, 42, 43, 44, 45, 46, 47, 48, 49, 50, 51, 52, 53, 54]
		},
		{
			"name": "Container wall",
			"origin": [8.67288, 0.6512, 13.4],
			"children": [55, 56, 57, 58, 59, 60, 61, 62, 63, 64, 65, 66, 67, 68, 69, 70, 71, 72, 73, 74, 75, 76, 77, 78, 79, 80, 81]
		},
		{
			"name": "Container door",
			"origin": [8.67288, 0.6512, 13.4],
			"children": [82, 83, 84, 85, 86, 87, 88, 89, 90, 91, 92, 93, 94, 95, 96, 97, 98, 99, 100, 101, 102, 103, 104, 105, 106, 107, 108, 109, 110, 111, 112, 113, 114, 115, 116, 117, 118, 119, 120, 121, 122]
		},
		{
			"name": "Container door",
			"origin": [8.67288, 0.6512, 13.4],
			"children": [123, 124, 125, 126, 127, 128, 129, 130, 131, 132, 133]
		}, 134, 135, 136, 137, 138, 139, 140, 141, 142, 143, 144, 145, 146, 147, 148, 149, 150, 151, 152, 153, 154, 155, 156, 157, 158]
}