{
	"credit": "Made with Blockbench",
	"textures": {
		"0": "block/anvil",
		"1": "block/iron_block",
		"2": "block/gray_concrete",
		"3": "block/coal_block",
		"particle": "block/gray_concrete"
	},
	"elements": [
		{
			"name": "Base",
			"from": [9.07309, -1.7488, 30.6],
			"to": [10.42611, 1.4048, 32],
			"rotation": {"angle": 0, "axis": "y", "origin": [-0.48206, 6.8912, 3.2]},
			"faces": {
				"north": {"uv": [16, 0, 0, 16], "texture": "#0"},
				"east": {"uv": [16, 0, 0, 16], "texture": "#0"},
				"south": {"uv": [16, 0, 0, 16], "texture": "#0"},
				"west": {"uv": [16, 0, 0, 16], "texture": "#0"},
				"up": {"uv": [0, 16, 16, 0], "texture": "#0"},
				"down": {"uv": [0, 16, 16, 0], "texture": "#0"}
			}
		},
		{
			"name": "Base",
			"from": [5.57389, -1.7488, 30.6],
			"to": [6.92691, 1.4048, 32],
			"rotation": {"angle": 0, "axis": "y", "origin": [-3.98126, 6.8912, 3.2]},
			"faces": {
				"north": {"uv": [16, 0, 0, 16], "texture": "#0"},
				"east": {"uv": [16, 0, 0, 16], "texture": "#0"},
				"south": {"uv": [16, 0, 0, 16], "texture": "#0"},
				"west": {"uv": [16, 0, 0, 16], "texture": "#0"},
				"up": {"uv": [0, 16, 16, 0], "texture": "#0"},
				"down": {"uv": [0, 16, 16, 0], "texture": "#0"}
			}
		},
		{
			"name": "Base",
			"from": [6.74029, -1.7488, 28.1],
			"to": [9.25971, 1.4048, 31.6],
			"rotation": {"angle": 0, "axis": "y", "origin": [-1.64846, 6.8912, 3.2]},
			"faces": {
				"north": {"uv": [16, 0, 0, 16], "texture": "#0"},
				"east": {"uv": [16, 0, 0, 16], "texture": "#0"},
				"south": {"uv": [16, 0, 0, 16], "texture": "#0"},
				"west": {"uv": [16, 0, 0, 16], "texture": "#0"},
				"up": {"uv": [0, 16, 16, 0], "texture": "#0"},
				"down": {"uv": [0, 16, 16, 0], "texture": "#0"}
			}
		},
		{
			"name": "Cube",
			"from": [-3.78064, -0.99616, 28],
			"to": [19.78064, 3.19104, 29.6],
			"rotation": {"angle": 0, "axis": "y", "origin": [10.93933, 8.8512, 3.2]},
			"faces": {
				"north": {"uv": [0, 0, 16, 16], "texture": "#0"},
				"east": {"uv": [0, 0, 16, 16], "texture": "#0"},
				"south": {"uv": [0, 0, 16, 16], "texture": "#0"},
				"west": {"uv": [0, 0, 16, 16], "texture": "#0"},
				"up": {"uv": [0, 0, 16, 16], "texture": "#0"},
				"down": {"uv": [0, 0, 16, 16], "texture": "#0"}
			}
		},
		{
			"name": "Cube",
			"from": [1.31936, 4.30384, 28.8],
			"to": [6.58064, 4.59104, 29.6],
			"rotation": {"angle": 0, "axis": "y", "origin": [14.03933, 14.1512, 3.2]},
			"faces": {
				"north": {"uv": [0, 0, 16, 16], "texture": "#0"},
				"east": {"uv": [0, 0, 16, 16], "texture": "#0"},
				"south": {"uv": [0, 0, 16, 16], "texture": "#0"},
				"west": {"uv": [0, 0, 16, 16], "texture": "#0"},
				"up": {"uv": [0, 0, 16, 16], "texture": "#0"},
				"down": {"uv": [0, 0, 16, 16], "texture": "#0"}
			}
		},
		{
			"name": "Cube",
			"from": [1.31936, 6.30384, 28.8],
			"to": [6.58064, 6.59104, 29.6],
			"rotation": {"angle": 0, "axis": "y", "origin": [14.03933, 16.1512, 3.2]},
			"faces": {
				"north": {"uv": [0, 0, 16, 16], "texture": "#0"},
				"east": {"uv": [0, 0, 16, 16], "texture": "#0"},
				"south": {"uv": [0, 0, 16, 16], "texture": "#0"},
				"west": {"uv": [0, 0, 16, 16], "texture": "#0"},
				"up": {"uv": [0, 0, 16, 16], "texture": "#0"},
				"down": {"uv": [0, 0, 16, 16], "texture": "#0"}
			}
		},
		{
			"name": "Cube",
			"from": [1.31936, 8.30384, 28.8],
			"to": [6.58064, 8.59104, 29.6],
			"rotation": {"angle": 0, "axis": "y", "origin": [14.03933, 18.1512, 3.2]},
			"faces": {
				"north": {"uv": [0, 0, 16, 16], "texture": "#0"},
				"east": {"uv": [0, 0, 16, 16], "texture": "#0"},
				"south": {"uv": [0, 0, 16, 16], "texture": "#0"},
				"west": {"uv": [0, 0, 16, 16], "texture": "#0"},
				"up": {"uv": [0, 0, 16, 16], "texture": "#0"},
				"down": {"uv": [0, 0, 16, 16], "texture": "#0"}
			}
		},
		{
			"name": "Cube",
			"from": [1.31936, 10.30384, 28.8],
			"to": [6.58064, 10.59104, 29.6],
			"rotation": {"angle": 0, "axis": "y", "origin": [14.03933, 20.1512, 3.2]},
			"faces": {
				"north": {"uv": [0, 0, 16, 16], "texture": "#0"},
				"east": {"uv": [0, 0, 16, 16], "texture": "#0"},
				"south": {"uv": [0, 0, 16, 16], "texture": "#0"},
				"west": {"uv": [0, 0, 16, 16], "texture": "#0"},
				"up": {"uv": [0, 0, 16, 16], "texture": "#0"},
				"down": {"uv": [0, 0, 16, 16], "texture": "#0"}
			}
		},
		{
			"name": "Cube",
			"from": [11.91936, 10.30384, 28.4],
			"to": [14.58064, 10.59104, 28.8],
			"rotation": {"angle": 0, "axis": "y", "origin": [13.25, 10.44744, 28.6]},
			"faces": {
				"north": {"uv": [0, 0, 16, 16], "texture": "#0"},
				"east": {"uv": [0, 0, 16, 16], "texture": "#0"},
				"south": {"uv": [0, 0, 16, 16], "texture": "#0"},
				"west": {"uv": [0, 0, 16, 16], "texture": "#0"},
				"up": {"uv": [0, 0, 16, 16], "texture": "#0"},
				"down": {"uv": [0, 0, 16, 16], "texture": "#0"}
			}
		},
		{
			"name": "Cube",
			"from": [11.91936, 9.00384, 28.4],
			"to": [14.58064, 9.29104, 28.8],
			"rotation": {"angle": 0, "axis": "y", "origin": [13.25, 9.14744, 28.6]},
			"faces": {
				"north": {"uv": [0, 0, 16, 16], "texture": "#0"},
				"east": {"uv": [0, 0, 16, 16], "texture": "#0"},
				"south": {"uv": [0, 0, 16, 16], "texture": "#0"},
				"west": {"uv": [0, 0, 16, 16], "texture": "#0"},
				"up": {"uv": [0, 0, 16, 16], "texture": "#0"},
				"down": {"uv": [0, 0, 16, 16], "texture": "#0"}
			}
		},
		{
			"name": "Cube",
			"from": [13.01936, 9.00384, 28.1],
			"to": [13.38064, 9.29104, 28.5],
			"rotation": {"angle": 0, "axis": "y", "origin": [13.05, 9.14744, 28.3]},
			"faces": {
				"north": {"uv": [0, 0, 16, 16], "texture": "#0"},
				"east": {"uv": [0, 0, 16, 16], "texture": "#0"},
				"south": {"uv": [0, 0, 16, 16], "texture": "#0"},
				"west": {"uv": [0, 0, 16, 16], "texture": "#0"},
				"up": {"uv": [0, 0, 16, 16], "texture": "#0"},
				"down": {"uv": [0, 0, 16, 16], "texture": "#0"}
			}
		},
		{
			"name": "Cube",
			"from": [11.9064, 8.1168, 28.4],
			"to": [12.1936, 10.37808, 28.8],
			"rotation": {"angle": 0, "axis": "z", "origin": [13.25, 9.24744, 28.6]},
			"faces": {
				"north": {"uv": [0, 0, 16, 16], "rotation": 90, "texture": "#0"},
				"east": {"uv": [0, 0, 16, 16], "rotation": 270, "texture": "#0"},
				"south": {"uv": [0, 0, 16, 16], "rotation": 270, "texture": "#0"},
				"west": {"uv": [0, 0, 16, 16], "rotation": 270, "texture": "#0"},
				"up": {"uv": [0, 0, 16, 16], "rotation": 270, "texture": "#0"},
				"down": {"uv": [0, 0, 16, 16], "rotation": 270, "texture": "#0"}
			}
		},
		{
			"name": "Cube",
			"from": [11.91936, 7.90384, 28.4],
			"to": [14.58064, 8.19104, 28.8],
			"rotation": {"angle": 0, "axis": "y", "origin": [13.25, 8.04744, 28.6]},
			"faces": {
				"north": {"uv": [0, 0, 16, 16], "texture": "#0"},
				"east": {"uv": [0, 0, 16, 16], "texture": "#0"},
				"south": {"uv": [0, 0, 16, 16], "texture": "#0"},
				"west": {"uv": [0, 0, 16, 16], "texture": "#0"},
				"up": {"uv": [0, 0, 16, 16], "texture": "#0"},
				"down": {"uv": [0, 0, 16, 16], "texture": "#0"}
			}
		},
		{
			"name": "Cube",
			"from": [13.1064, 8.1168, 28.4],
			"to": [13.3936, 10.37808, 28.8],
			"rotation": {"angle": 0, "axis": "z", "origin": [12.05, 9.24744, 28.6]},
			"faces": {
				"north": {"uv": [0, 0, 16, 16], "rotation": 90, "texture": "#0"},
				"east": {"uv": [0, 0, 16, 16], "rotation": 270, "texture": "#0"},
				"south": {"uv": [0, 0, 16, 16], "rotation": 270, "texture": "#0"},
				"west": {"uv": [0, 0, 16, 16], "rotation": 270, "texture": "#0"},
				"up": {"uv": [0, 0, 16, 16], "rotation": 270, "texture": "#0"},
				"down": {"uv": [0, 0, 16, 16], "rotation": 270, "texture": "#0"}
			}
		},
		{
			"name": "Cube",
			"from": [14.3064, 8.1168, 28.4],
			"to": [14.5936, 10.37808, 28.8],
			"rotation": {"angle": 0, "axis": "z", "origin": [13.25, 9.24744, 28.6]},
			"faces": {
				"north": {"uv": [0, 0, 16, 16], "rotation": 90, "texture": "#0"},
				"east": {"uv": [0, 0, 16, 16], "rotation": 270, "texture": "#0"},
				"south": {"uv": [0, 0, 16, 16], "rotation": 270, "texture": "#0"},
				"west": {"uv": [0, 0, 16, 16], "rotation": 270, "texture": "#0"},
				"up": {"uv": [0, 0, 16, 16], "rotation": 270, "texture": "#0"},
				"down": {"uv": [0, 0, 16, 16], "rotation": 270, "texture": "#0"}
			}
		},
		{
			"name": "Cube",
			"from": [1.31936, 12.30384, 28.8],
			"to": [6.58064, 12.59104, 29.6],
			"rotation": {"angle": 0, "axis": "y", "origin": [14.03933, 22.1512, 3.2]},
			"faces": {
				"north": {"uv": [0, 0, 16, 16], "texture": "#0"},
				"east": {"uv": [0, 0, 16, 16], "texture": "#0"},
				"south": {"uv": [0, 0, 16, 16], "texture": "#0"},
				"west": {"uv": [0, 0, 16, 16], "texture": "#0"},
				"up": {"uv": [0, 0, 16, 16], "texture": "#0"},
				"down": {"uv": [0, 0, 16, 16], "texture": "#0"}
			}
		},
		{
			"name": "Cube",
			"from": [1.31936, 14.30384, 28.8],
			"to": [6.58064, 14.59104, 29.6],
			"rotation": {"angle": 0, "axis": "y", "origin": [14.03933, 24.1512, 3.2]},
			"faces": {
				"north": {"uv": [0, 0, 16, 16], "texture": "#0"},
				"east": {"uv": [0, 0, 16, 16], "texture": "#0"},
				"south": {"uv": [0, 0, 16, 16], "texture": "#0"},
				"west": {"uv": [0, 0, 16, 16], "texture": "#0"},
				"up": {"uv": [0, 0, 16, 16], "texture": "#0"},
				"down": {"uv": [0, 0, 16, 16], "texture": "#0"}
			}
		},
		{
			"name": "Cube",
			"from": [1.31936, 16.10384, 28.8],
			"to": [6.58064, 16.39104, 29.6],
			"rotation": {"angle": 0, "axis": "y", "origin": [14.03933, 25.9512, 3.2]},
			"faces": {
				"north": {"uv": [0, 0, 16, 16], "texture": "#0"},
				"east": {"uv": [0, 0, 16, 16], "texture": "#0"},
				"south": {"uv": [0, 0, 16, 16], "texture": "#0"},
				"west": {"uv": [0, 0, 16, 16], "texture": "#0"},
				"up": {"uv": [0, 0, 16, 16], "texture": "#0"},
				"down": {"uv": [0, 0, 16, 16], "texture": "#0"}
			}
		},
		{
			"name": "Cube",
			"from": [1.31936, 2.60384, 28.8],
			"to": [1.78064, 16.29104, 29.6],
			"rotation": {"angle": 0, "axis": "y", "origin": [14.03933, 14.1512, 3.2]},
			"faces": {
				"north": {"uv": [0, 0, 16, 16], "texture": "#0"},
				"east": {"uv": [0, 0, 16, 16], "texture": "#0"},
				"south": {"uv": [0, 0, 16, 16], "texture": "#0"},
				"west": {"uv": [0, 0, 16, 16], "texture": "#0"},
				"up": {"uv": [0, 0, 16, 16], "texture": "#0"},
				"down": {"uv": [0, 0, 16, 16], "texture": "#0"}
			}
		},
		{
			"name": "Cube",
			"from": [6.51936, 2.60384, 28.8],
			"to": [6.98064, 16.29104, 29.6],
			"rotation": {"angle": 0, "axis": "y", "origin": [19.23933, 14.1512, 3.2]},
			"faces": {
				"north": {"uv": [0, 0, 16, 16], "texture": "#0"},
				"east": {"uv": [0, 0, 16, 16], "texture": "#0"},
				"south": {"uv": [0, 0, 16, 16], "texture": "#0"},
				"west": {"uv": [0, 0, 16, 16], "texture": "#0"},
				"up": {"uv": [0, 0, 16, 16], "texture": "#0"},
				"down": {"uv": [0, 0, 16, 16], "texture": "#0"}
			}
		},
		{
			"name": "Cube",
			"from": [-2.7244, 1.65104, -2.5],
			"to": [-1.9144, 15.33344, 15],
			"rotation": {"angle": 0, "axis": "y", "origin": [7.38829, 15.1512, -10.9]},
			"faces": {
				"north": {"uv": [0, 16, 16, 0], "rotation": 90, "texture": "#1", "tintindex": 0},
				"east": {"uv": [16, 0, 0, 16], "texture": "#1", "tintindex": 0},
				"south": {"uv": [0, 16, 16, 0], "rotation": 90, "texture": "#1", "tintindex": 0},
				"west": {"uv": [0, 16, 16, 0], "texture": "#1", "tintindex": 0},
				"up": {"uv": [16, 0, 0, 16], "rotation": 90, "texture": "#1", "tintindex": 0},
				"down": {"uv": [16, 0, 0, 16], "rotation": 90, "texture": "#1", "tintindex": 0}
			}
		},
		{
			"name": "Cube",
			"from": [17.9144, 1.65104, -2.5],
			"to": [18.7244, 15.33344, 15],
			"rotation": {"angle": 0, "axis": "y", "origin": [8.61171, 15.1512, -10.9]},
			"faces": {
				"north": {"uv": [0, 0, 16, 16], "rotation": 90, "texture": "#1", "tintindex": 0},
				"east": {"uv": [16, 16, 0, 0], "texture": "#1", "tintindex": 0},
				"south": {"uv": [0, 0, 16, 16], "rotation": 90, "texture": "#1", "tintindex": 0},
				"west": {"uv": [0, 0, 16, 16], "rotation": 90, "texture": "#1", "tintindex": 0},
				"up": {"uv": [16, 16, 0, 0], "rotation": 90, "texture": "#1", "tintindex": 0},
				"down": {"uv": [16, 16, 0, 0], "rotation": 90, "texture": "#1", "tintindex": 0}
			}
		},
		{
			"name": "Cube",
			"from": [-2.7244, 1.65104, 15],
			"to": [-1.9144, 15.33344, 28.5],
			"rotation": {"angle": 0, "axis": "y", "origin": [7.38829, 15.1512, 2.6]},
			"faces": {
				"north": {"uv": [0, 16, 16, 0], "rotation": 90, "texture": "#1", "tintindex": 0},
				"east": {"uv": [16, 0, 0, 16], "texture": "#1", "tintindex": 0},
				"south": {"uv": [0, 16, 16, 0], "rotation": 90, "texture": "#1", "tintindex": 0},
				"west": {"uv": [0, 16, 16, 0], "texture": "#1", "tintindex": 0},
				"up": {"uv": [16, 0, 0, 16], "rotation": 90, "texture": "#1", "tintindex": 0},
				"down": {"uv": [16, 0, 0, 16], "rotation": 90, "texture": "#1", "tintindex": 0}
			}
		},
		{
			"name": "Cube",
			"from": [17.9144, 1.65104, 15],
			"to": [18.7244, 15.33344, 28.5],
			"rotation": {"angle": 0, "axis": "y", "origin": [8.61171, 15.1512, 2.6]},
			"faces": {
				"north": {"uv": [0, 0, 16, 16], "rotation": 90, "texture": "#1", "tintindex": 0},
				"east": {"uv": [16, 16, 0, 0], "texture": "#1", "tintindex": 0},
				"south": {"uv": [0, 0, 16, 16], "rotation": 90, "texture": "#1", "tintindex": 0},
				"west": {"uv": [0, 0, 16, 16], "rotation": 90, "texture": "#1", "tintindex": 0},
				"up": {"uv": [16, 16, 0, 0], "rotation": 90, "texture": "#1", "tintindex": 0},
				"down": {"uv": [16, 16, 0, 0], "rotation": 90, "texture": "#1", "tintindex": 0}
			}
		},
		{
			"name": "Cube",
			"from": [0.575, 3.05104, 27.0848],
			"to": [8, 14.63344, 28.0848],
			"rotation": {"angle": 0, "axis": "y", "origin": [10.74979, 8.34224, 27.5848]},
			"faces": {
				"north": {"uv": [0, 16, 16, 0], "rotation": 90, "texture": "#1", "tintindex": 0},
				"east": {"uv": [0, 16, 16, 0], "rotation": 90, "texture": "#1", "tintindex": 0},
				"south": {"uv": [0, 16, 16, 0], "rotation": 90, "texture": "#1", "tintindex": 0},
				"west": {"uv": [0, 16, 16, 0], "rotation": 90, "texture": "#1", "tintindex": 0},
				"up": {"uv": [16, 0, 0, 16], "rotation": 90, "texture": "#1", "tintindex": 0},
				"down": {"uv": [16, 0, 0, 16], "rotation": 90, "texture": "#1", "tintindex": 0}
			}
		},
		{
			"name": "Cube",
			"from": [8, 3.05104, 27.0848],
			"to": [15.425, 14.63344, 28.0848],
			"rotation": {"angle": 0, "axis": "y", "origin": [5.25021, 8.34224, 27.5848]},
			"faces": {
				"north": {"uv": [0, 0, 16, 16], "rotation": 90, "texture": "#1", "tintindex": 0},
				"east": {"uv": [0, 0, 16, 16], "rotation": 90, "texture": "#1", "tintindex": 0},
				"south": {"uv": [0, 0, 16, 16], "rotation": 90, "texture": "#1", "tintindex": 0},
				"west": {"uv": [0, 0, 16, 16], "rotation": 90, "texture": "#1", "tintindex": 0},
				"up": {"uv": [16, 16, 0, 0], "rotation": 90, "texture": "#1", "tintindex": 0},
				"down": {"uv": [16, 16, 0, 0], "rotation": 90, "texture": "#1", "tintindex": 0}
			}
		},
		{
			"name": "Cube",
			"from": [-2.125, 3.35104, 27.0848],
			"to": [0, 15.93344, 28.0848],
			"rotation": {"angle": 0, "axis": "y", "origin": [10.74979, 12.94224, 27.5848]},
			"faces": {
				"north": {"uv": [0, 16, 16, 0], "rotation": 90, "texture": "#1", "tintindex": 0},
				"east": {"uv": [0, 16, 16, 0], "rotation": 90, "texture": "#1", "tintindex": 0},
				"south": {"uv": [0, 16, 16, 0], "rotation": 90, "texture": "#1", "tintindex": 0},
				"west": {"uv": [0, 16, 16, 0], "rotation": 90, "texture": "#1", "tintindex": 0},
				"up": {"uv": [16, 0, 0, 16], "rotation": 90, "texture": "#1", "tintindex": 0},
				"down": {"uv": [16, 0, 0, 16], "rotation": 90, "texture": "#1", "tintindex": 0}
			}
		},
		{
			"name": "Cube",
			"from": [16, 3.35104, 27.0848],
			"to": [18.125, 15.93344, 28.0848],
			"rotation": {"angle": 0, "axis": "y", "origin": [5.25021, 12.94224, 27.5848]},
			"faces": {
				"north": {"uv": [0, 0, 16, 16], "rotation": 90, "texture": "#1", "tintindex": 0},
				"east": {"uv": [0, 0, 16, 16], "rotation": 90, "texture": "#1", "tintindex": 0},
				"south": {"uv": [0, 0, 16, 16], "rotation": 90, "texture": "#1", "tintindex": 0},
				"west": {"uv": [0, 0, 16, 16], "rotation": 90, "texture": "#1", "tintindex": 0},
				"up": {"uv": [16, 16, 0, 0], "rotation": 90, "texture": "#1", "tintindex": 0},
				"down": {"uv": [16, 16, 0, 0], "rotation": 90, "texture": "#1", "tintindex": 0}
			}
		},
		{
			"name": "Cube",
			"from": [0.4354, 14.55104, 27],
			"to": [15.4294, 15.83344, 29],
			"rotation": {"angle": 0, "axis": "y", "origin": [5.37171, 12.3512, 2.6]},
			"faces": {
				"north": {"uv": [16, 0, 0, 16], "texture": "#1", "tintindex": 0},
				"east": {"uv": [16, 0, 0, 16], "texture": "#1", "tintindex": 0},
				"south": {"uv": [16, 0, 0, 16], "texture": "#1", "tintindex": 0},
				"west": {"uv": [16, 0, 0, 16], "texture": "#1", "tintindex": 0},
				"up": {"uv": [0, 16, 16, 0], "texture": "#1", "tintindex": 0},
				"down": {"uv": [0, 16, 16, 0], "texture": "#1", "tintindex": 0}
			}
		},
		{
			"name": "Cube",
			"from": [-3.3076, 1.75104, -12],
			"to": [19.3076, 3.13344, 28.4],
			"rotation": {"angle": 0, "axis": "y", "origin": [9.25971, 6.4512, 3.2]},
			"faces": {
				"north": {"uv": [0, 0, 16, 16], "texture": "#0"},
				"east": {"uv": [0, 0, 16, 16], "texture": "#0"},
				"south": {"uv": [0, 0, 16, 16], "texture": "#0"},
				"west": {"uv": [0, 0, 16, 16], "texture": "#0"},
				"up": {"uv": [0, 0, 16, 16], "texture": "#0"},
				"down": {"uv": [0, 0, 16, 16], "texture": "#0"}
			}
		},
		{
			"name": "Cube",
			"from": [1.2924, 15.35104, 2.1],
			"to": [15.4076, 17.03344, 26.9],
			"rotation": {"angle": 0, "axis": "y", "origin": [9.25971, 20.3512, 3.2]},
			"faces": {
				"north": {"uv": [0, 0, 16, 16], "texture": "#0"},
				"east": {"uv": [0, 0, 16, 16], "texture": "#0"},
				"south": {"uv": [0, 0, 16, 16], "texture": "#0"},
				"west": {"uv": [0, 0, 16, 16], "texture": "#0"},
				"up": {"uv": [0, 0, 16, 16], "texture": "#0"},
				"down": {"uv": [0, 0, 16, 16], "texture": "#0"}
			}
		},
		{
			"name": "Cube",
			"from": [13.6924, 16.65104, -12],
			"to": [18.3076, 21.03344, -6.6],
			"rotation": {"angle": 0, "axis": "y", "origin": [9.25971, 21.3512, 3.2]},
			"faces": {
				"north": {"uv": [0, 0, 16, 16], "texture": "#3"},
				"east": {"uv": [0, 0, 16, 16], "texture": "#3"},
				"south": {"uv": [0, 0, 16, 16], "texture": "#3"},
				"west": {"uv": [0, 0, 16, 16], "texture": "#3"},
				"up": {"uv": [0, 0, 16, 16], "texture": "#3"},
				"down": {"uv": [0, 0, 16, 16], "texture": "#3"}
			}
		},
		{
			"name": "Cube",
			"from": [9.6924, 16.65104, -12],
			"to": [14.3076, 20.43344, -6.6],
			"rotation": {"angle": 0, "axis": "y", "origin": [5.25971, 21.3512, 3.2]},
			"faces": {
				"north": {"uv": [0, 0, 16, 16], "texture": "#3"},
				"east": {"uv": [0, 0, 16, 16], "texture": "#3"},
				"south": {"uv": [0, 0, 16, 16], "texture": "#3"},
				"west": {"uv": [0, 0, 16, 16], "texture": "#3"},
				"up": {"uv": [0, 0, 16, 16], "texture": "#3"},
				"down": {"uv": [0, 0, 16, 16], "texture": "#3"}
			}
		},
		{
			"name": "Cube",
			"from": [5.6924, 17.35104, -12],
			"to": [10.3076, 21.13344, -6.6],
			"rotation": {"angle": 0, "axis": "y", "origin": [1.25971, 22.0512, 3.2]},
			"faces": {
				"north": {"uv": [0, 0, 16, 16], "texture": "#3"},
				"east": {"uv": [0, 0, 16, 16], "texture": "#3"},
				"south": {"uv": [0, 0, 16, 16], "texture": "#3"},
				"west": {"uv": [0, 0, 16, 16], "texture": "#3"},
				"up": {"uv": [0, 0, 16, 16], "texture": "#3"},
				"down": {"uv": [0, 0, 16, 16], "texture": "#3"}
			}
		},
		{
			"name": "Cube",
			"from": [1.0924, 15.65104, -12],
			"to": [5.7076, 19.43344, -6.6],
			"rotation": {"angle": 0, "axis": "y", "origin": [-3.34029, 20.3512, 3.2]},
			"faces": {
				"north": {"uv": [0, 0, 16, 16], "texture": "#3"},
				"east": {"uv": [0, 0, 16, 16], "texture": "#3"},
				"south": {"uv": [0, 0, 16, 16], "texture": "#3"},
				"west": {"uv": [0, 0, 16, 16], "texture": "#3"},
				"up": {"uv": [0, 0, 16, 16], "texture": "#3"},
				"down": {"uv": [0, 0, 16, 16], "texture": "#3"}
			}
		},
		{
			"name": "Cube",
			"from": [-2.0076, 16.35104, -12],
			"to": [2.6076, 20.13344, -6.6],
			"rotation": {"angle": 0, "axis": "y", "origin": [-6.44029, 21.0512, 3.2]},
			"faces": {
				"north": {"uv": [0, 0, 16, 16], "texture": "#3"},
				"east": {"uv": [0, 0, 16, 16], "texture": "#3"},
				"south": {"uv": [0, 0, 16, 16], "texture": "#3"},
				"west": {"uv": [0, 0, 16, 16], "texture": "#3"},
				"up": {"uv": [0, 0, 16, 16], "texture": "#3"},
				"down": {"uv": [0, 0, 16, 16], "texture": "#3"}
			}
		},
		{
			"name": "Cube",
			"from": [-0.6076, 17.35104, -8.1],
			"to": [4.0076, 21.13344, -2.7],
			"rotation": {"angle": 0, "axis": "y", "origin": [-5.04029, 22.0512, 7.1]},
			"faces": {
				"north": {"uv": [0, 0, 16, 16], "texture": "#3"},
				"east": {"uv": [0, 0, 16, 16], "texture": "#3"},
				"south": {"uv": [0, 0, 16, 16], "texture": "#3"},
				"west": {"uv": [0, 0, 16, 16], "texture": "#3"},
				"up": {"uv": [0, 0, 16, 16], "texture": "#3"},
				"down": {"uv": [0, 0, 16, 16], "texture": "#3"}
			}
		},
		{
			"name": "Cube",
			"from": [3.8924, 16.95104, -8.1],
			"to": [8.5076, 20.73344, -2.7],
			"rotation": {"angle": 0, "axis": "y", "origin": [-0.54029, 21.6512, 7.1]},
			"faces": {
				"north": {"uv": [0, 0, 16, 16], "texture": "#3"},
				"east": {"uv": [0, 0, 16, 16], "texture": "#3"},
				"south": {"uv": [0, 0, 16, 16], "texture": "#3"},
				"west": {"uv": [0, 0, 16, 16], "texture": "#3"},
				"up": {"uv": [0, 0, 16, 16], "texture": "#3"},
				"down": {"uv": [0, 0, 16, 16], "texture": "#3"}
			}
		},
		{
			"name": "Cube",
			"from": [10.4924, 17.65104, -8.1],
			"to": [15.1076, 21.43344, -2.7],
			"rotation": {"angle": 0, "axis": "y", "origin": [6.05971, 22.3512, 7.1]},
			"faces": {
				"north": {"uv": [0, 0, 16, 16], "texture": "#3"},
				"east": {"uv": [0, 0, 16, 16], "texture": "#3"},
				"south": {"uv": [0, 0, 16, 16], "texture": "#3"},
				"west": {"uv": [0, 0, 16, 16], "texture": "#3"},
				"up": {"uv": [0, 0, 16, 16], "texture": "#3"},
				"down": {"uv": [0, 0, 16, 16], "texture": "#3"}
			}
		},
		{
			"name": "Cube",
			"from": [-1.3076, 15.55104, 15],
			"to": [17.3076, 16.43344, 29.3],
			"rotation": {"angle": 0, "axis": "y", "origin": [9.25971, 19.7512, 3.2]},
			"faces": {
				"north": {"uv": [0, 16, 16, 0], "texture": "#2", "tintindex": 0},
				"east": {"uv": [0, 16, 16, 0], "texture": "#2", "tintindex": 0},
				"south": {"uv": [0, 16, 16, 0], "texture": "#2", "tintindex": 0},
				"west": {"uv": [0, 16, 16, 0], "texture": "#2", "tintindex": 0},
				"up": {"uv": [0, 0, 16, 16], "texture": "#2", "tintindex": 0},
				"down": {"uv": [0, 16, 16, 0], "texture": "#2", "tintindex": 0}
			}
		},
		{
			"name": "Cube",
			"from": [-1.3076, 15.55104, 1.5],
			"to": [17.3076, 16.43344, 15],
			"rotation": {"angle": 0, "axis": "y", "origin": [9.25971, 19.7512, -11.1]},
			"faces": {
				"north": {"uv": [0, 16, 16, 0], "texture": "#2", "tintindex": 0},
				"east": {"uv": [0, 16, 16, 0], "texture": "#2", "tintindex": 0},
				"south": {"uv": [0, 16, 16, 0], "texture": "#2", "tintindex": 0},
				"west": {"uv": [0, 16, 16, 0], "texture": "#2", "tintindex": 0},
				"up": {"uv": [0, 0, 16, 16], "texture": "#2", "tintindex": 0},
				"down": {"uv": [0, 16, 16, 0], "texture": "#2", "tintindex": 0}
			}
		},
		{
			"name": "Cube",
			"from": [-3.1076, 14.65104, 15],
			"to": [-1.0924, 16.03344, 29.3],
			"rotation": {"angle": 22.5, "axis": "z", "origin": [-2.3, 15.59224, 21.7]},
			"faces": {
				"north": {"uv": [0, 16, 16, 0], "texture": "#2", "tintindex": 0},
				"east": {"uv": [0, 16, 16, 0], "texture": "#2", "tintindex": 0},
				"south": {"uv": [0, 16, 16, 0], "texture": "#2", "tintindex": 0},
				"west": {"uv": [0, 16, 16, 0], "texture": "#2", "tintindex": 0},
				"up": {"uv": [0, 0, 16, 16], "texture": "#2", "tintindex": 0},
				"down": {"uv": [0, 16, 16, 0], "texture": "#2", "tintindex": 0}
			}
		},
		{
			"name": "Cube",
			"from": [-3.1076, 14.65104, 1.5],
			"to": [-1.0924, 16.03344, 15],
			"rotation": {"angle": 22.5, "axis": "z", "origin": [-2.3, 15.59224, 7.4]},
			"faces": {
				"north": {"uv": [0, 16, 16, 0], "texture": "#2", "tintindex": 0},
				"east": {"uv": [0, 16, 16, 0], "texture": "#2", "tintindex": 0},
				"south": {"uv": [0, 16, 16, 0], "texture": "#2", "tintindex": 0},
				"west": {"uv": [0, 16, 16, 0], "texture": "#2", "tintindex": 0},
				"up": {"uv": [0, 0, 16, 16], "texture": "#2", "tintindex": 0},
				"down": {"uv": [0, 16, 16, 0], "texture": "#2", "tintindex": 0}
			}
		},
		{
			"name": "Cube",
			"from": [17.0924, 14.65104, 15],
			"to": [19.1076, 16.03344, 29.3],
			"rotation": {"angle": -22.5, "axis": "z", "origin": [18.3, 15.59224, 21.7]},
			"faces": {
				"north": {"uv": [16, 16, 0, 0], "texture": "#2", "tintindex": 0},
				"east": {"uv": [16, 16, 0, 0], "texture": "#2", "tintindex": 0},
				"south": {"uv": [16, 16, 0, 0], "texture": "#2", "tintindex": 0},
				"west": {"uv": [16, 16, 0, 0], "texture": "#2", "tintindex": 0},
				"up": {"uv": [0, 0, 16, 16], "texture": "#2", "tintindex": 0},
				"down": {"uv": [16, 16, 0, 0], "texture": "#2", "tintindex": 0}
			}
		},
		{
			"name": "Cube",
			"from": [17.0924, 14.65104, 1.5],
			"to": [19.1076, 16.03344, 15],
			"rotation": {"angle": -22.5, "axis": "z", "origin": [18.3, 15.59224, 7.4]},
			"faces": {
				"north": {"uv": [16, 16, 0, 0], "texture": "#2", "tintindex": 0},
				"east": {"uv": [16, 16, 0, 0], "texture": "#2", "tintindex": 0},
				"south": {"uv": [16, 16, 0, 0], "texture": "#2", "tintindex": 0},
				"west": {"uv": [16, 16, 0, 0], "texture": "#2", "tintindex": 0},
				"up": {"uv": [0, 0, 16, 16], "texture": "#2", "tintindex": 0},
				"down": {"uv": [16, 16, 0, 0], "texture": "#2", "tintindex": 0}
			}
		},
		{
			"name": "Cube",
			"from": [-3.1266, 2.75104, 28],
			"to": [-2.4166, 15.65104, 29],
			"rotation": {"angle": 0, "axis": "x", "origin": [-2.8216, 3.25104, 28.5]},
			"faces": {
				"north": {"uv": [0, 16, 16, 0], "rotation": 90, "texture": "#1", "tintindex": 0},
				"east": {"uv": [0, 16, 16, 0], "rotation": 90, "texture": "#1", "tintindex": 0},
				"south": {"uv": [0, 16, 16, 0], "rotation": 90, "texture": "#1", "tintindex": 0},
				"west": {"uv": [0, 16, 16, 0], "rotation": 90, "texture": "#1", "tintindex": 0},
				"up": {"uv": [16, 0, 0, 16], "rotation": 90, "texture": "#1", "tintindex": 0},
				"down": {"uv": [16, 0, 0, 16], "rotation": 90, "texture": "#1", "tintindex": 0}
			}
		},
		{
			"name": "Cube",
			"from": [18.5166, 2.75104, 28],
			"to": [19.2266, 15.65104, 29],
			"rotation": {"angle": 0, "axis": "x", "origin": [18.8216, 3.25104, 28.5]},
			"faces": {
				"north": {"uv": [0, 0, 16, 16], "rotation": 90, "texture": "#1", "tintindex": 0},
				"east": {"uv": [0, 0, 16, 16], "rotation": 90, "texture": "#1", "tintindex": 0},
				"south": {"uv": [0, 0, 16, 16], "rotation": 90, "texture": "#1", "tintindex": 0},
				"west": {"uv": [0, 0, 16, 16], "rotation": 90, "texture": "#1", "tintindex": 0},
				"up": {"uv": [16, 16, 0, 0], "rotation": 90, "texture": "#1", "tintindex": 0},
				"down": {"uv": [16, 16, 0, 0], "rotation": 90, "texture": "#1", "tintindex": 0}
			}
		},
		{
			"name": "Cube",
			"from": [-0.2266, 2.75104, 28],
			"to": [0.5834, 15.85104, 29],
			"rotation": {"angle": 0, "axis": "x", "origin": [0.1784, 3.25104, 28.5]},
			"faces": {
				"north": {"uv": [0, 16, 16, 0], "rotation": 90, "texture": "#1", "tintindex": 0},
				"east": {"uv": [0, 16, 16, 0], "rotation": 90, "texture": "#1", "tintindex": 0},
				"south": {"uv": [0, 16, 16, 0], "rotation": 90, "texture": "#1", "tintindex": 0},
				"west": {"uv": [0, 16, 16, 0], "rotation": 90, "texture": "#1", "tintindex": 0},
				"up": {"uv": [16, 0, 0, 16], "rotation": 90, "texture": "#1", "tintindex": 0},
				"down": {"uv": [16, 0, 0, 16], "rotation": 90, "texture": "#1", "tintindex": 0}
			}
		},
		{
			"name": "Cube",
			"from": [15.4166, 2.75104, 28],
			"to": [16.2266, 15.85104, 29],
			"rotation": {"angle": 0, "axis": "x", "origin": [15.8216, 3.25104, 28.5]},
			"faces": {
				"north": {"uv": [0, 0, 16, 16], "rotation": 90, "texture": "#1", "tintindex": 0},
				"east": {"uv": [0, 0, 16, 16], "rotation": 90, "texture": "#1", "tintindex": 0},
				"south": {"uv": [0, 0, 16, 16], "rotation": 90, "texture": "#1", "tintindex": 0},
				"west": {"uv": [0, 0, 16, 16], "rotation": 90, "texture": "#1", "tintindex": 0},
				"up": {"uv": [16, 16, 0, 0], "rotation": 90, "texture": "#1", "tintindex": 0},
				"down": {"uv": [16, 16, 0, 0], "rotation": 90, "texture": "#1", "tintindex": 0}
			}
		},
		{
			"name": "Cube",
			"from": [2.70921, -0.76256, -12],
			"to": [13.29079, 1.75104, 29.7],
			"rotation": {"angle": 0, "axis": "y", "origin": [5.90048, 6.4512, 5.2]},
			"faces": {
				"north": {"uv": [16, 0, 0, 16], "texture": "#0"},
				"east": {"uv": [16, 0, 0, 16], "texture": "#0"},
				"south": {"uv": [16, 0, 0, 16], "texture": "#0"},
				"west": {"uv": [16, 0, 0, 16], "texture": "#0"},
				"up": {"uv": [0, 16, 16, 0], "texture": "#0"},
				"down": {"uv": [0, 16, 16, 0], "texture": "#0"}
			}
		},
		{
			"name": "Cube",
			"from": [-3.29079, -1.96256, -12],
			"to": [2.69079, 1.75104, 2.2],
			"rotation": {"angle": 0, "axis": "y", "origin": [-0.09952, 6.4512, 5.2]},
			"faces": {
				"north": {"uv": [16, 0, 0, 16], "texture": "#0"},
				"east": {"uv": [16, 0, 0, 16], "texture": "#0"},
				"south": {"uv": [16, 0, 0, 16], "texture": "#0"},
				"west": {"uv": [16, 0, 0, 16], "texture": "#0"},
				"up": {"uv": [0, 16, 16, 0], "texture": "#0"},
				"down": {"uv": [0, 16, 16, 0], "texture": "#0"}
			}
		},
		{
			"name": "Cube",
			"from": [13.30921, -1.96256, -12],
			"to": [19.29079, 1.75104, 2.2],
			"rotation": {"angle": 0, "axis": "y", "origin": [16.09952, 6.4512, 5.2]},
			"faces": {
				"north": {"uv": [0, 0, 16, 16], "texture": "#0"},
				"east": {"uv": [0, 0, 16, 16], "texture": "#0"},
				"south": {"uv": [0, 0, 16, 16], "texture": "#0"},
				"west": {"uv": [0, 0, 16, 16], "texture": "#0"},
				"up": {"uv": [16, 16, 0, 0], "texture": "#0"},
				"down": {"uv": [16, 16, 0, 0], "texture": "#0"}
			}
		},
		{
			"name": "Base",
			"from": [-2, -0.9856, 31.76],
			"to": [2, 3.0144, 32],
			"rotation": {"angle": 0, "axis": "y", "origin": [9.2576, 7.6912, 3.2]},
			"faces": {
				"north": {"uv": [16, 0, 0, 16], "texture": "#0"},
				"east": {"uv": [16, 0, 0, 16], "texture": "#0"},
				"south": {"uv": [16, 0, 0, 16], "texture": "#0"},
				"west": {"uv": [16, 0, 0, 16], "texture": "#0"},
				"up": {"uv": [0, 16, 16, 0], "texture": "#0"},
				"down": {"uv": [0, 16, 16, 0], "texture": "#0"}
			}
		},
		{
			"name": "Base",
			"from": [-1, 0.0512, 29.6],
			"to": [1, 2.0512, 31.88],
			"rotation": {"angle": 0, "axis": "y", "origin": [9.91648, 7.6912, 3.2]},
			"faces": {
				"north": {"uv": [16, 0, 0, 16], "texture": "#0"},
				"east": {"uv": [16, 0, 0, 16], "texture": "#0"},
				"south": {"uv": [16, 0, 0, 16], "texture": "#0"},
				"west": {"uv": [16, 0, 0, 16], "texture": "#0"},
				"up": {"uv": [0, 16, 16, 0], "texture": "#0"},
				"down": {"uv": [0, 16, 16, 0], "texture": "#0"}
			}
		},
		{
			"name": "Base",
			"from": [14, -0.9856, 31.76],
			"to": [18, 3.0144, 32],
			"rotation": {"angle": 0, "axis": "y", "origin": [6.7424, 7.6912, 3.2]},
			"faces": {
				"north": {"uv": [16, 0, 0, 16], "texture": "#0"},
				"east": {"uv": [16, 0, 0, 16], "texture": "#0"},
				"south": {"uv": [16, 0, 0, 16], "texture": "#0"},
				"west": {"uv": [16, 0, 0, 16], "texture": "#0"},
				"up": {"uv": [0, 16, 16, 0], "texture": "#0"},
				"down": {"uv": [0, 16, 16, 0], "texture": "#0"}
			}
		},
		{
			"name": "Base",
			"from": [15, 0.0512, 29.6],
			"to": [17, 2.0512, 31.88],
			"rotation": {"angle": 0, "axis": "y", "origin": [6.08352, 7.6912, 3.2]},
			"faces": {
				"north": {"uv": [16, 0, 0, 16], "texture": "#0"},
				"east": {"uv": [16, 0, 0, 16], "texture": "#0"},
				"south": {"uv": [16, 0, 0, 16], "texture": "#0"},
				"west": {"uv": [16, 0, 0, 16], "texture": "#0"},
				"up": {"uv": [0, 16, 16, 0], "texture": "#0"},
				"down": {"uv": [0, 16, 16, 0], "texture": "#0"}
			}
		},
		{
			"name": "Cube",
			"from": [7.9875, 12.05104, -1.2848],
			"to": [18.1125, 21.53344, -0.2848],
			"rotation": {"angle": -45, "axis": "x", "origin": [8, 17.89224, -0.7848]},
			"faces": {
				"north": {"uv": [0, 0, 16, 16], "rotation": 90, "texture": "#1", "tintindex": 0},
				"east": {"uv": [0, 0, 16, 16], "rotation": 90, "texture": "#1", "tintindex": 0},
				"south": {"uv": [0, 0, 16, 16], "rotation": 90, "texture": "#1", "tintindex": 0},
				"west": {"uv": [0, 0, 16, 16], "rotation": 90, "texture": "#1", "tintindex": 0},
				"up": {"uv": [0, 0, 16, 16], "rotation": 90, "texture": "#1", "tintindex": 0},
				"down": {"uv": [0, 0, 16, 16], "rotation": 90, "texture": "#1", "tintindex": 0}
			}
		},
		{
			"name": "Cube",
			"from": [-2.1125, 12.05104, -1.2848],
			"to": [8.0125, 21.53344, -0.2848],
			"rotation": {"angle": -45, "axis": "x", "origin": [8, 17.89224, -0.7848]},
			"faces": {
				"north": {"uv": [0, 16, 16, 0], "rotation": 90, "texture": "#1", "tintindex": 0},
				"east": {"uv": [0, 16, 16, 0], "rotation": 90, "texture": "#1", "tintindex": 0},
				"south": {"uv": [0, 16, 16, 0], "rotation": 90, "texture": "#1", "tintindex": 0},
				"west": {"uv": [0, 16, 16, 0], "rotation": 90, "texture": "#1", "tintindex": 0},
				"up": {"uv": [0, 16, 16, 0], "rotation": 90, "texture": "#1", "tintindex": 0},
				"down": {"uv": [0, 16, 16, 0], "rotation": 90, "texture": "#1", "tintindex": 0}
			}
		},
		{
			"name": "Cube",
			"from": [-2.6244, 10.15104, -4.5],
			"to": [-2.0144, 16.53344, 3.9],
			"rotation": {"angle": 45, "axis": "x", "origin": [-2.3194, 15.39224, 1.25]},
			"faces": {
				"north": {"uv": [0, 0, 16, 16], "rotation": 90, "texture": "#1", "tintindex": 0},
				"east": {"uv": [0, 0, 16, 16], "rotation": 90, "texture": "#1", "tintindex": 0},
				"south": {"uv": [0, 0, 16, 16], "rotation": 90, "texture": "#1", "tintindex": 0},
				"west": {"uv": [0, 0, 16, 16], "rotation": 90, "texture": "#1", "tintindex": 0},
				"up": {"uv": [0, 0, 16, 16], "rotation": 90, "texture": "#1", "tintindex": 0},
				"down": {"uv": [0, 0, 16, 16], "rotation": 90, "texture": "#1", "tintindex": 0}
			}
		},
		{
			"name": "Cube",
			"from": [18.0144, 10.85104, -4.5],
			"to": [18.6244, 16.53344, 3.9],
			"rotation": {"angle": 45, "axis": "x", "origin": [18.3194, 15.39224, 1.25]},
			"faces": {
				"north": {"uv": [0, 16, 16, 0], "rotation": 90, "texture": "#1", "tintindex": 0},
				"east": {"uv": [0, 16, 16, 0], "rotation": 90, "texture": "#1", "tintindex": 0},
				"south": {"uv": [0, 16, 16, 0], "rotation": 90, "texture": "#1", "tintindex": 0},
				"west": {"uv": [0, 16, 16, 0], "rotation": 90, "texture": "#1", "tintindex": 0},
				"up": {"uv": [0, 16, 16, 0], "rotation": 90, "texture": "#1", "tintindex": 0},
				"down": {"uv": [0, 16, 16, 0], "rotation": 90, "texture": "#1", "tintindex": 0}
			}
		},
		{
			"name": "Cube",
			"from": [0.3375, 21.25104, -12.5848],
			"to": [15.6625, 22.03344, -1.2848],
			"rotation": {"angle": 0, "axis": "y", "origin": [7.28771, 22.04224, 2.2152]},
			"faces": {
				"north": {"uv": [0, 16, 16, 0], "rotation": 90, "texture": "#2", "tintindex": 0},
				"east": {"uv": [0, 16, 16, 0], "rotation": 90, "texture": "#2", "tintindex": 0},
				"south": {"uv": [0, 16, 16, 0], "rotation": 90, "texture": "#2", "tintindex": 0},
				"west": {"uv": [0, 16, 16, 0], "rotation": 90, "texture": "#2", "tintindex": 0},
				"up": {"uv": [0, 0, 16, 16], "rotation": 90, "texture": "#2", "tintindex": 0},
				"down": {"uv": [0, 16, 16, 0], "rotation": 90, "texture": "#2", "tintindex": 0}
			}
		},
		{
			"name": "Cube",
			"from": [-1.3625, 19.95104, -2.9848],
			"to": [17.3625, 21.33344, -1.9848],
			"rotation": {"angle": 0, "axis": "y", "origin": [7.18771, 21.34224, -2.4848]},
			"faces": {
				"north": {"uv": [0, 16, 16, 0], "rotation": 90, "texture": "#1", "tintindex": 0},
				"east": {"uv": [0, 16, 16, 0], "rotation": 90, "texture": "#1", "tintindex": 0},
				"south": {"uv": [0, 16, 16, 0], "rotation": 90, "texture": "#1", "tintindex": 0},
				"west": {"uv": [0, 16, 16, 0], "rotation": 90, "texture": "#1", "tintindex": 0},
				"up": {"uv": [0, 16, 16, 0], "rotation": 90, "texture": "#1", "tintindex": 0},
				"down": {"uv": [0, 16, 16, 0], "rotation": 90, "texture": "#1", "tintindex": 0}
			}
		},
		{
			"name": "Cube",
			"from": [-3.3724, 20.35104, -12.5],
			"to": [0.8856, 21.13344, -1.3],
			"rotation": {"angle": 22.5, "axis": "z", "origin": [-1.7434, 20.74224, -12.33333]},
			"faces": {
				"north": {"uv": [0, 0, 16, 16], "texture": "#2", "tintindex": 0},
				"east": {"uv": [0, 0, 16, 16], "texture": "#2", "tintindex": 0},
				"south": {"uv": [0, 0, 16, 16], "texture": "#2", "tintindex": 0},
				"west": {"uv": [0, 0, 16, 16], "texture": "#2", "tintindex": 0},
				"up": {"uv": [0, 0, 16, 16], "texture": "#2", "tintindex": 0},
				"down": {"uv": [0, 0, 16, 16], "texture": "#2", "tintindex": 0}
			}
		},
		{
			"name": "Cube",
			"from": [-2.7244, 1.65104, -12.5],
			"to": [-1.9144, 20.33344, -2.1],
			"rotation": {"angle": 0, "axis": "y", "origin": [7.38829, 15.1512, 20.4]},
			"faces": {
				"north": {"uv": [0, 0, 16, 16], "rotation": 90, "texture": "#1", "tintindex": 0},
				"east": {"uv": [0, 0, 16, 16], "texture": "#1", "tintindex": 0},
				"south": {"uv": [0, 0, 16, 16], "rotation": 90, "texture": "#1", "tintindex": 0},
				"west": {"uv": [0, 0, 16, 16], "texture": "#1", "tintindex": 0},
				"up": {"uv": [0, 0, 16, 16], "rotation": 90, "texture": "#1", "tintindex": 0},
				"down": {"uv": [0, 0, 16, 16], "rotation": 90, "texture": "#1", "tintindex": 0}
			}
		},
		{
			"name": "Cube",
			"from": [-2.9244, 3.35104, -7.9],
			"to": [-2.6144, 12.83344, 6],
			"rotation": {"angle": 0, "axis": "y", "origin": [7.18829, 14.5512, 20.4]},
			"faces": {
				"north": {"uv": [0, 0, 16, 16], "rotation": 90, "texture": "#1", "tintindex": 0},
				"east": {"uv": [0, 0, 16, 16], "texture": "#1", "tintindex": 0},
				"south": {"uv": [0, 0, 16, 16], "rotation": 90, "texture": "#1", "tintindex": 0},
				"west": {"uv": [0, 0, 16, 16], "texture": "#1", "tintindex": 0},
				"up": {"uv": [0, 0, 16, 16], "rotation": 90, "texture": "#1", "tintindex": 0},
				"down": {"uv": [0, 0, 16, 16], "rotation": 90, "texture": "#1", "tintindex": 0}
			}
		},
		{
			"name": "Cube",
			"from": [18.6144, 3.35104, -7.9],
			"to": [18.9244, 12.83344, 6],
			"rotation": {"angle": 0, "axis": "y", "origin": [8.81171, 14.5512, 20.4]},
			"faces": {
				"north": {"uv": [0, 16, 16, 0], "rotation": 90, "texture": "#1", "tintindex": 0},
				"east": {"uv": [16, 0, 0, 16], "texture": "#1", "tintindex": 0},
				"south": {"uv": [0, 16, 16, 0], "rotation": 90, "texture": "#1", "tintindex": 0},
				"west": {"uv": [16, 0, 0, 16], "texture": "#1", "tintindex": 0},
				"up": {"uv": [0, 16, 16, 0], "rotation": 90, "texture": "#1", "tintindex": 0},
				"down": {"uv": [0, 16, 16, 0], "rotation": 90, "texture": "#1", "tintindex": 0}
			}
		},
		{
			"name": "Cube",
			"from": [-2.9244, 3.35104, 9],
			"to": [-2.6144, 12.83344, 26.2],
			"rotation": {"angle": 0, "axis": "y", "origin": [7.18829, 14.5512, 40.6]},
			"faces": {
				"north": {"uv": [0, 0, 16, 16], "rotation": 90, "texture": "#1", "tintindex": 0},
				"east": {"uv": [0, 0, 16, 16], "texture": "#1", "tintindex": 0},
				"south": {"uv": [0, 0, 16, 16], "rotation": 90, "texture": "#1", "tintindex": 0},
				"west": {"uv": [0, 0, 16, 16], "texture": "#1", "tintindex": 0},
				"up": {"uv": [0, 0, 16, 16], "rotation": 90, "texture": "#1", "tintindex": 0},
				"down": {"uv": [0, 0, 16, 16], "rotation": 90, "texture": "#1", "tintindex": 0}
			}
		},
		{
			"name": "Cube",
			"from": [18.6144, 3.35104, 9],
			"to": [18.9244, 12.83344, 26.2],
			"rotation": {"angle": 0, "axis": "y", "origin": [8.81171, 14.5512, 40.6]},
			"faces": {
				"north": {"uv": [0, 16, 16, 0], "rotation": 90, "texture": "#1", "tintindex": 0},
				"east": {"uv": [16, 0, 0, 16], "texture": "#1", "tintindex": 0},
				"south": {"uv": [0, 16, 16, 0], "rotation": 90, "texture": "#1", "tintindex": 0},
				"west": {"uv": [16, 0, 0, 16], "texture": "#1", "tintindex": 0},
				"up": {"uv": [0, 16, 16, 0], "rotation": 90, "texture": "#1", "tintindex": 0},
				"down": {"uv": [0, 16, 16, 0], "rotation": 90, "texture": "#1", "tintindex": 0}
			}
		},
		{
			"name": "Cube",
			"from": [15.1144, 20.35104, -12.5],
			"to": [19.3724, 21.13344, -1.3],
			"rotation": {"angle": -22.5, "axis": "z", "origin": [17.7434, 20.74224, -12.33333]},
			"faces": {
				"north": {"uv": [16, 0, 0, 16], "texture": "#2", "tintindex": 0},
				"east": {"uv": [16, 0, 0, 16], "texture": "#2", "tintindex": 0},
				"south": {"uv": [16, 0, 0, 16], "texture": "#2", "tintindex": 0},
				"west": {"uv": [16, 0, 0, 16], "texture": "#2", "tintindex": 0},
				"up": {"uv": [0, 0, 16, 16], "texture": "#2", "tintindex": 0},
				"down": {"uv": [16, 0, 0, 16], "texture": "#2", "tintindex": 0}
			}
		},
		{
			"name": "Cube",
			"from": [17.9144, 1.65104, -12.5],
			"to": [18.7244, 20.33344, -2.1],
			"rotation": {"angle": 0, "axis": "y", "origin": [8.61171, 15.1512, 20.4]},
			"faces": {
				"north": {"uv": [0, 16, 16, 0], "rotation": 90, "texture": "#1", "tintindex": 0},
				"east": {"uv": [0, 16, 16, 0], "texture": "#1", "tintindex": 0},
				"south": {"uv": [0, 16, 16, 0], "rotation": 90, "texture": "#1", "tintindex": 0},
				"west": {"uv": [0, 16, 16, 0], "rotation": 90, "texture": "#1", "tintindex": 0},
				"up": {"uv": [0, 16, 16, 0], "rotation": 90, "texture": "#1", "tintindex": 0},
				"down": {"uv": [0, 16, 16, 0], "rotation": 90, "texture": "#1", "tintindex": 0}
			}
		}
	],
	"display": {
		"head": {
			"translation": [0, -20, 80],
			"scale": [4, 4, 4]
		}
	},
	"groups": [
		{
			"name": "openfreight1",
			"origin": [8, 8, 8],
			"children": [0, 1, 2, 3, 4, 5, 6, 7, 8, 9, 10, 11, 12, 13, 14, 15, 16, 17, 18, 19, 20, 21, 22, 23, 24, 25, 26, 27, 28, 29, 30, 31, 32, 33, 34, 35, 36, 37, 38, 39, 40, 41, 42, 43, 44, 45, 46, 47, 48, 49, 50, 51, 52, 53, 54, 55]
		}, 56, 57, 58, 59, 60, 61, 62, 63, 64, 65, 66, 67, 68, 69]
}